timestamp,location,sensor,value
2023-12-31T19:12:00.000Z,zone-d,humidity,57.5
2023-12-31T19:15:00.000Z,zone-a,temperature,19.9
2023-12-31T19:37:00.000Z,zone-d,pressure,1017.1
2023-12-31T21:16:00.000Z,zone-c,light,340.1
2023-12-31T21:21:00.000Z,zone-c,temperature,18.2
2023-12-31T21:43:00.000Z,zone-d,temperature,17.9
2023-12-31T22:11:00.000Z,zone-b,pressure,1005.9
2024-01-01T01:30:00.000Z,zone-a,light,106.9
2024-01-01T06:45:00.000Z,zone-a,pressure,993.7
2024-01-01T07:18:00.000Z,zone-b,temperature,25.4
2024-01-01T11:46:00.000Z,zone-b,light,680.7
2024-01-01T13:00:00.000Z,zone-c,humidity,45.6
2024-01-01T13:04:00.000Z,zone-b,humidity,31.4
2024-01-01T15:03:00.000Z,zone-a,humidity,62.5
2024-01-01T15:30:00.000Z,zone-d,light,293.7
2024-01-01T15:46:00.000Z,zone-c,pressure,993.8
2024-01-01T19:26:00.000Z,zone-b,light,410.4
2024-01-01T19:48:00.000Z,zone-b,humidity,46.6
2024-01-01T20:43:00.000Z,zone-a,light,321.6
2024-01-01T22:38:00.000Z,zone-b,temperature,29.7
2024-01-01T22:44:00.000Z,zone-c,temperature,27
2024-01-02T00:32:00.000Z,zone-d,light,592.2
2024-01-02T01:36:00.000Z,zone-a,temperature,30.9
2024-01-02T05:38:00.000Z,zone-c,light,749.6
2024-01-02T05:57:00.000Z,zone-b,pressure,1009.3
2024-01-02T07:31:00.000Z,zone-c,pressure,1012.2
2024-01-02T09:20:00.000Z,zone-a,humidity,42.5
2024-01-02T10:08:00.000Z,zone-d,pressure,1002.4
2024-01-02T14:26:00.000Z,zone-c,humidity,40.5
2024-01-02T14:57:00.000Z,zone-d,temperature,21.4
2024-01-02T15:05:00.000Z,zone-d,humidity,53
2024-01-02T17:20:00.000Z,zone-a,pressure,1018.5
2024-01-03T01:39:00.000Z,zone-c,temperature,22.9
2024-01-03T03:48:00.000Z,zone-d,pressure,1013.6
2024-01-03T04:14:00.000Z,zone-b,humidity,30.7
2024-01-03T04:44:00.000Z,zone-c,humidity,74.8
2024-01-03T04:51:00.000Z,zone-d,light,241
2024-01-03T05:31:00.000Z,zone-c,light,379.1
2024-01-03T08:23:00.000Z,zone-a,temperature,28.7
2024-01-03T11:04:00.000Z,zone-b,pressure,1007.1
2024-01-03T11:28:00.000Z,zone-a,light,465.2
2024-01-03T12:12:00.000Z,zone-a,humidity,53.4
2024-01-03T13:13:00.000Z,zone-a,pressure,995
2024-01-03T13:22:00.000Z,zone-b,light,481.8
2024-01-03T14:28:00.000Z,zone-d,temperature,27.4
2024-01-03T14:30:00.000Z,zone-c,pressure,992.7
2024-01-03T16:14:00.000Z,zone-d,humidity,79
2024-01-03T17:04:00.000Z,zone-b,temperature,22.6
2024-01-03T18:39:00.000Z,zone-a,pressure,1004.5
2024-01-03T22:02:00.000Z,zone-d,humidity,45.9
2024-01-03T22:18:00.000Z,zone-d,temperature,20.8
2024-01-04T02:27:00.000Z,zone-b,pressure,1009
2024-01-04T02:35:00.000Z,zone-c,pressure,1008.3
2024-01-04T08:55:00.000Z,zone-c,light,713.8
2024-01-04T09:14:00.000Z,zone-c,humidity,66.2
2024-01-04T11:09:00.000Z,zone-b,temperature,23.7
2024-01-04T11:32:00.000Z,zone-d,light,585.3
2024-01-04T11:40:00.000Z,zone-a,humidity,48.1
2024-01-04T11:44:00.000Z,zone-a,temperature,20.2
2024-01-04T13:15:00.000Z,zone-d,pressure,996.6
2024-01-04T14:10:00.000Z,zone-b,humidity,62.5
2024-01-04T14:27:00.000Z,zone-a,light,595.8
2024-01-04T15:25:00.000Z,zone-b,light,265.8
2024-01-04T16:09:00.000Z,zone-c,temperature,31.5
2024-01-04T19:06:00.000Z,zone-a,light,488
2024-01-04T19:12:00.000Z,zone-a,humidity,38.9
2024-01-04T19:56:00.000Z,zone-d,humidity,45.2
2024-01-04T22:08:00.000Z,zone-b,temperature,22.8
2024-01-04T22:27:00.000Z,zone-d,light,332.9
2024-01-04T23:55:00.000Z,zone-d,pressure,994
2024-01-05T00:01:00.000Z,zone-c,light,446.6
2024-01-05T00:24:00.000Z,zone-b,light,415.2
2024-01-05T01:31:00.000Z,zone-d,temperature,26
2024-01-05T01:33:00.000Z,zone-c,humidity,47.4
2024-01-05T04:34:00.000Z,zone-b,humidity,79
2024-01-05T05:46:00.000Z,zone-a,temperature,20.8
2024-01-05T07:20:00.000Z,zone-a,pressure,1010.7
2024-01-05T07:33:00.000Z,zone-c,pressure,1001.2
2024-01-05T08:00:00.000Z,zone-b,pressure,994
2024-01-05T10:23:00.000Z,zone-c,temperature,24.5
2024-01-05T19:30:00.000Z,zone-c,pressure,1005.2
2024-01-05T19:57:00.000Z,zone-a,humidity,68.4
2024-01-06T00:55:00.000Z,zone-a,light,535.2
2024-01-06T02:26:00.000Z,zone-b,light,607.9
2024-01-06T05:58:00.000Z,zone-d,temperature,30.9
2024-01-06T06:18:00.000Z,zone-c,temperature,26.4
2024-01-06T06:42:00.000Z,zone-b,temperature,29.3
2024-01-06T06:49:00.000Z,zone-c,humidity,71.9
2024-01-06T07:59:00.000Z,zone-d,light,493.9
2024-01-06T10:30:00.000Z,zone-d,pressure,993.6
2024-01-06T10:46:00.000Z,zone-a,temperature,24.3
2024-01-06T12:48:00.000Z,zone-a,pressure,1006.6
2024-01-06T14:41:00.000Z,zone-c,light,616.9
2024-01-06T15:09:00.000Z,zone-b,pressure,992.6
2024-01-06T17:43:00.000Z,zone-b,humidity,53.6
2024-01-06T17:44:00.000Z,zone-d,humidity,71
2024-01-06T21:18:00.000Z,zone-a,pressure,1019
2024-01-06T21:52:00.000Z,zone-b,light,456.8
2024-01-06T22:02:00.000Z,zone-a,temperature,22.6
2024-01-07T03:20:00.000Z,zone-a,humidity,62.9
2024-01-07T05:44:00.000Z,zone-d,light,392.4
2024-01-07T07:00:00.000Z,zone-d,humidity,57.8
2024-01-07T07:15:00.000Z,zone-c,pressure,1000.8
2024-01-07T11:31:00.000Z,zone-c,light,388.2
2024-01-07T12:32:00.000Z,zone-d,pressure,990.4
2024-01-07T12:44:00.000Z,zone-a,light,157.1
2024-01-07T13:13:00.000Z,zone-d,temperature,30.9
2024-01-07T14:26:00.000Z,zone-c,temperature,24.9
2024-01-07T15:54:00.000Z,zone-b,humidity,63.9
2024-01-07T18:13:00.000Z,zone-c,humidity,46.6
2024-01-07T18:14:00.000Z,zone-b,pressure,1008.6
2024-01-07T18:28:00.000Z,zone-b,temperature,25.8
2024-01-07T19:30:00.000Z,zone-d,pressure,1008.1
2024-01-07T20:47:00.000Z,zone-b,pressure,1006.4
2024-01-07T21:04:00.000Z,zone-a,humidity,33.7
2024-01-07T21:17:00.000Z,zone-a,temperature,21.3
2024-01-08T03:14:00.000Z,zone-c,light,610.5
2024-01-08T05:23:00.000Z,zone-b,humidity,49.3
2024-01-08T06:36:00.000Z,zone-a,light,149.2
2024-01-08T08:34:00.000Z,zone-b,temperature,19.6
2024-01-08T08:49:00.000Z,zone-d,light,798.2
2024-01-08T11:52:00.000Z,zone-a,pressure,1019.3
2024-01-08T14:27:00.000Z,zone-c,pressure,996.3
2024-01-08T16:24:00.000Z,zone-d,humidity,70.5
2024-01-08T17:39:00.000Z,zone-c,temperature,29
2024-01-08T17:46:00.000Z,zone-c,humidity,63.7
2024-01-08T17:53:00.000Z,zone-b,light,713.6
2024-01-08T18:29:00.000Z,zone-d,temperature,22.7
2024-01-08T20:53:00.000Z,zone-b,light,132.7
2024-01-08T21:48:00.000Z,zone-b,temperature,16.3
2024-01-08T22:23:00.000Z,zone-b,humidity,32.3
2024-01-08T23:27:00.000Z,zone-d,pressure,1015.9
2024-01-09T00:03:00.000Z,zone-a,pressure,1009.9
2024-01-09T00:13:00.000Z,zone-a,temperature,20.6
2024-01-09T02:58:00.000Z,zone-a,light,286.6
2024-01-09T03:13:00.000Z,zone-b,pressure,1019.5
2024-01-09T05:15:00.000Z,zone-a,humidity,73
2024-01-09T06:17:00.000Z,zone-c,temperature,18.7
2024-01-09T06:44:00.000Z,zone-d,light,502.8
2024-01-09T10:28:00.000Z,zone-d,humidity,44.1
2024-01-09T10:33:00.000Z,zone-c,light,708.5
2024-01-09T15:46:00.000Z,zone-d,temperature,16.3
2024-01-09T16:46:00.000Z,zone-c,pressure,1003.5
2024-01-09T17:11:00.000Z,zone-c,humidity,66.4
2024-01-09T19:20:00.000Z,zone-a,pressure,1003.5
2024-01-09T19:52:00.000Z,zone-d,pressure,998.7
2024-01-09T20:24:00.000Z,zone-b,light,592.5
2024-01-09T22:36:00.000Z,zone-c,temperature,23
2024-01-09T22:54:00.000Z,zone-a,humidity,62.7
2024-01-09T23:24:00.000Z,zone-b,humidity,59.8
2024-01-10T01:01:00.000Z,zone-d,humidity,32.2
2024-01-10T02:13:00.000Z,zone-b,pressure,1010.5
2024-01-10T04:42:00.000Z,zone-c,humidity,64.4
2024-01-10T06:48:00.000Z,zone-a,temperature,28.4
2024-01-10T08:54:00.000Z,zone-c,pressure,1016.7
2024-01-10T09:19:00.000Z,zone-d,light,820.5
2024-01-10T11:35:00.000Z,zone-a,light,188.2
2024-01-10T11:40:00.000Z,zone-c,light,211
2024-01-10T11:44:00.000Z,zone-b,temperature,18.3
2024-01-10T16:33:00.000Z,zone-d,temperature,33
2024-01-10T19:39:00.000Z,zone-a,temperature,15.3
2024-01-10T20:21:00.000Z,zone-b,temperature,17.1
2024-01-10T22:08:00.000Z,zone-d,pressure,1014
2024-01-10T22:37:00.000Z,zone-b,pressure,1016.5
2024-01-10T23:48:00.000Z,zone-d,temperature,23.1
2024-01-10T23:56:00.000Z,zone-c,light,500.7
2024-01-11T02:48:00.000Z,zone-a,pressure,999.2
2024-01-11T03:31:00.000Z,zone-c,humidity,33.1
2024-01-11T05:11:00.000Z,zone-a,humidity,41.1
2024-01-11T05:52:00.000Z,zone-d,light,283.3
2024-01-11T10:54:00.000Z,zone-a,light,332.8
2024-01-11T11:51:00.000Z,zone-c,temperature,16.9
2024-01-11T12:51:00.000Z,zone-b,humidity,63.1
2024-01-11T15:09:00.000Z,zone-d,humidity,70.2
2024-01-11T16:59:00.000Z,zone-b,light,867.5
2024-01-11T17:22:00.000Z,zone-c,pressure,1018.9
2024-01-11T21:05:00.000Z,zone-b,pressure,992.3
2024-01-11T21:08:00.000Z,zone-d,light,783.8
2024-01-11T21:41:00.000Z,zone-c,humidity,52.2
2024-01-11T22:26:00.000Z,zone-b,temperature,32.9
2024-01-12T01:13:00.000Z,zone-b,light,337.5
2024-01-12T01:41:00.000Z,zone-c,temperature,27.9
2024-01-12T06:28:00.000Z,zone-d,pressure,999.9
2024-01-12T06:36:00.000Z,zone-d,humidity,70
2024-01-12T07:40:00.000Z,zone-a,temperature,26.5
2024-01-12T08:06:00.000Z,zone-a,pressure,991
2024-01-12T10:08:00.000Z,zone-a,humidity,45.6
2024-01-12T13:37:00.000Z,zone-c,light,155.2
2024-01-12T13:43:00.000Z,zone-c,pressure,996.4
2024-01-12T15:52:00.000Z,zone-b,humidity,48.2
2024-01-12T16:37:00.000Z,zone-a,light,728.3
2024-01-12T17:35:00.000Z,zone-d,temperature,31.1
2024-01-12T21:30:00.000Z,zone-c,light,687.6
2024-01-12T21:45:00.000Z,zone-d,humidity,44.1
2024-01-12T23:45:00.000Z,zone-c,humidity,33
2024-01-13T06:04:00.000Z,zone-b,temperature,18.7
2024-01-13T07:43:00.000Z,zone-b,light,694.8
2024-01-13T10:33:00.000Z,zone-a,light,234.5
2024-01-13T12:50:00.000Z,zone-b,pressure,1003
2024-01-13T12:54:00.000Z,zone-c,temperature,21
2024-01-13T12:56:00.000Z,zone-d,light,882.1
2024-01-13T13:27:00.000Z,zone-d,pressure,1015.6
2024-01-13T13:37:00.000Z,zone-c,pressure,996
2024-01-13T14:22:00.000Z,zone-b,humidity,61.7
2024-01-13T15:29:00.000Z,zone-a,humidity,56.2
2024-01-13T16:05:00.000Z,zone-a,pressure,1015.7
2024-01-13T16:08:00.000Z,zone-a,temperature,27.2
2024-01-13T17:25:00.000Z,zone-d,temperature,19.3
2024-01-13T20:22:00.000Z,zone-a,temperature,24.7
2024-01-13T21:49:00.000Z,zone-d,temperature,27.4
2024-01-13T21:58:00.000Z,zone-b,pressure,1000.8
2024-01-13T22:10:00.000Z,zone-a,humidity,47
2024-01-13T22:59:00.000Z,zone-c,light,202.2
2024-01-14T01:23:00.000Z,zone-b,light,108.9
2024-01-14T04:24:00.000Z,zone-d,humidity,32.9
2024-01-14T06:39:00.000Z,zone-b,humidity,61.5
2024-01-14T06:46:00.000Z,zone-c,pressure,1016.4
2024-01-14T06:59:00.000Z,zone-d,light,569.6
2024-01-14T09:58:00.000Z,zone-b,temperature,15.9
2024-01-14T14:24:00.000Z,zone-a,light,119.4
2024-01-14T15:18:00.000Z,zone-a,pressure,1007.7
2024-01-14T15:19:00.000Z,zone-c,humidity,51.4
2024-01-14T15:39:00.000Z,zone-d,pressure,1014
2024-01-14T16:18:00.000Z,zone-c,temperature,26.2
2024-01-14T21:21:00.000Z,zone-b,humidity,50.4
2024-01-14T23:35:00.000Z,zone-c,temperature,27.7
2024-01-15T00:08:00.000Z,zone-d,temperature,34.1
2024-01-15T00:21:00.000Z,zone-d,humidity,54.8
2024-01-15T04:14:00.000Z,zone-a,temperature,17
2024-01-15T04:46:00.000Z,zone-d,pressure,1006.7
2024-01-15T06:48:00.000Z,zone-c,light,494.2
2024-01-15T06:53:00.000Z,zone-a,pressure,998.9
2024-01-15T07:58:00.000Z,zone-c,humidity,56.7
2024-01-15T08:23:00.000Z,zone-b,temperature,21.4
2024-01-15T09:07:00.000Z,zone-a,humidity,60.8
2024-01-15T09:12:00.000Z,zone-b,pressure,999.4
2024-01-15T09:17:00.000Z,zone-a,light,638.7
2024-01-15T15:11:00.000Z,zone-b,light,770.7
2024-01-15T15:44:00.000Z,zone-c,pressure,1015.1
2024-01-15T17:17:00.000Z,zone-d,light,359.5
2024-01-15T22:57:00.000Z,zone-d,light,374.1
2024-01-15T23:16:00.000Z,zone-b,humidity,33.5
2024-01-16T01:30:00.000Z,zone-c,humidity,78
2024-01-16T02:12:00.000Z,zone-a,temperature,28.2
2024-01-16T03:29:00.000Z,zone-d,humidity,49.4
2024-01-16T03:55:00.000Z,zone-b,temperature,27.4
2024-01-16T04:13:00.000Z,zone-d,pressure,1009.1
2024-01-16T06:10:00.000Z,zone-a,pressure,1019
2024-01-16T07:44:00.000Z,zone-a,light,670.8
2024-01-16T12:37:00.000Z,zone-b,pressure,1007
2024-01-16T14:52:00.000Z,zone-c,light,280.3
2024-01-16T15:18:00.000Z,zone-b,light,281.2
2024-01-16T16:46:00.000Z,zone-c,pressure,1007.8
2024-01-16T16:59:00.000Z,zone-d,temperature,24.5
2024-01-16T17:46:00.000Z,zone-c,temperature,23.5
2024-01-16T18:17:00.000Z,zone-a,humidity,47.6
2024-01-16T18:33:00.000Z,zone-b,temperature,32.1
2024-01-16T18:42:00.000Z,zone-d,temperature,30.4
2024-01-16T23:10:00.000Z,zone-c,humidity,45.7
2024-01-16T23:30:00.000Z,zone-d,humidity,30.5
2024-01-17T00:11:00.000Z,zone-c,pressure,1011
2024-01-17T00:17:00.000Z,zone-b,light,504.8
2024-01-17T01:17:00.000Z,zone-c,light,314
2024-01-17T03:41:00.000Z,zone-a,humidity,31.7
2024-01-17T08:05:00.000Z,zone-c,temperature,20.8
2024-01-17T08:37:00.000Z,zone-a,light,670.5
2024-01-17T08:47:00.000Z,zone-b,humidity,51.1
2024-01-17T11:50:00.000Z,zone-d,light,864.2
2024-01-17T12:47:00.000Z,zone-b,pressure,991.4
2024-01-17T14:52:00.000Z,zone-d,pressure,1006.2
2024-01-17T15:39:00.000Z,zone-a,pressure,1008.8
2024-01-17T16:18:00.000Z,zone-a,temperature,21.6
2024-01-17T18:56:00.000Z,zone-b,humidity,53.6
2024-01-17T19:28:00.000Z,zone-c,pressure,1013.8
2024-01-17T20:17:00.000Z,zone-b,temperature,22.4
2024-01-17T22:54:00.000Z,zone-d,pressure,1019.8
2024-01-18T00:49:00.000Z,zone-c,light,330.9
2024-01-18T03:10:00.000Z,zone-b,pressure,1003.9
2024-01-18T03:32:00.000Z,zone-c,temperature,21.1
2024-01-18T04:52:00.000Z,zone-d,temperature,27
2024-01-18T04:57:00.000Z,zone-a,light,728.6
2024-01-18T05:10:00.000Z,zone-d,humidity,60.5
2024-01-18T07:08:00.000Z,zone-d,light,196.6
2024-01-18T07:35:00.000Z,zone-a,humidity,61.1
2024-01-18T08:18:00.000Z,zone-c,humidity,64.6
2024-01-18T11:59:00.000Z,zone-a,temperature,15.8
2024-01-18T12:57:00.000Z,zone-a,pressure,1008
2024-01-18T14:27:00.000Z,zone-b,light,670.5
2024-01-18T19:31:00.000Z,zone-c,light,395.7
2024-01-18T22:03:00.000Z,zone-c,humidity,65.6
2024-01-18T23:34:00.000Z,zone-c,pressure,996.2
2024-01-19T00:52:00.000Z,zone-c,temperature,17.9
2024-01-19T03:01:00.000Z,zone-d,pressure,1018.6
2024-01-19T03:57:00.000Z,zone-d,light,497.9
2024-01-19T04:47:00.000Z,zone-b,humidity,55.7
2024-01-19T06:12:00.000Z,zone-a,light,277.5
2024-01-19T08:15:00.000Z,zone-d,humidity,38
2024-01-19T10:04:00.000Z,zone-b,pressure,1014
2024-01-19T10:04:00.000Z,zone-d,temperature,27.1
2024-01-19T10:19:00.000Z,zone-a,humidity,31.5
2024-01-19T11:52:00.000Z,zone-a,pressure,1019.9
2024-01-19T12:58:00.000Z,zone-b,light,177.7
2024-01-19T16:14:00.000Z,zone-a,temperature,17
2024-01-19T16:37:00.000Z,zone-b,temperature,15.5
2024-01-19T19:21:00.000Z,zone-d,temperature,25.5
2024-01-19T22:38:00.000Z,zone-b,temperature,34.6
2024-01-19T23:30:00.000Z,zone-a,humidity,58.3
2024-01-20T01:07:00.000Z,zone-d,light,451.1
2024-01-20T01:33:00.000Z,zone-c,temperature,16.3
2024-01-20T04:51:00.000Z,zone-b,pressure,991.6
2024-01-20T05:35:00.000Z,zone-b,humidity,50.1
2024-01-20T05:36:00.000Z,zone-a,light,293.8
2024-01-20T07:05:00.000Z,zone-a,temperature,33.1
2024-01-20T07:26:00.000Z,zone-c,pressure,1017.9
2024-01-20T07:54:00.000Z,zone-d,humidity,75.6
2024-01-20T09:50:00.000Z,zone-c,humidity,76.9
2024-01-20T10:13:00.000Z,zone-d,pressure,1008
2024-01-20T10:45:00.000Z,zone-b,light,168.7
2024-01-20T12:30:00.000Z,zone-c,light,639.5
2024-01-20T17:14:00.000Z,zone-a,pressure,1015.8
2024-01-20T19:19:00.000Z,zone-c,pressure,1013.6
2024-01-20T22:12:00.000Z,zone-d,temperature,16.4
2024-01-21T00:32:00.000Z,zone-a,light,488.6
2024-01-21T00:39:00.000Z,zone-a,pressure,990.6
2024-01-21T00:58:00.000Z,zone-d,pressure,1017.1
2024-01-21T04:08:00.000Z,zone-b,humidity,58
2024-01-21T05:11:00.000Z,zone-a,temperature,17.2
2024-01-21T06:21:00.000Z,zone-b,light,339.8
2024-01-21T07:59:00.000Z,zone-c,light,663.4
2024-01-21T08:25:00.000Z,zone-d,humidity,44.3
2024-01-21T08:31:00.000Z,zone-c,temperature,29.2
2024-01-21T08:47:00.000Z,zone-b,pressure,1017.7
2024-01-21T11:42:00.000Z,zone-d,light,182
2024-01-21T11:50:00.000Z,zone-c,humidity,46.6
2024-01-21T12:39:00.000Z,zone-a,humidity,58
2024-01-21T17:32:00.000Z,zone-b,temperature,34.9
2024-01-21T21:30:00.000Z,zone-b,temperature,29.9
2024-01-21T22:01:00.000Z,zone-b,pressure,1001.1
2024-01-21T23:43:00.000Z,zone-c,pressure,1012.6
2024-01-22T01:07:00.000Z,zone-d,pressure,1004.4
2024-01-22T01:51:00.000Z,zone-c,humidity,43.2
2024-01-22T01:54:00.000Z,zone-d,temperature,33.1
2024-01-22T02:25:00.000Z,zone-a,light,412.1
2024-01-22T05:18:00.000Z,zone-a,pressure,1009.1
2024-01-22T07:23:00.000Z,zone-c,temperature,34.9
2024-01-22T09:17:00.000Z,zone-a,humidity,39.6
2024-01-22T09:22:00.000Z,zone-a,temperature,28.9
2024-01-22T14:15:00.000Z,zone-b,light,228.3
2024-01-22T14:42:00.000Z,zone-d,light,209.4
2024-01-22T15:27:00.000Z,zone-d,humidity,38.3
2024-01-22T16:16:00.000Z,zone-b,humidity,79.6
2024-01-22T17:24:00.000Z,zone-c,light,533.4
2024-01-22T18:52:00.000Z,zone-d,humidity,43.6
2024-01-22T19:21:00.000Z,zone-c,temperature,23.2
2024-01-22T19:31:00.000Z,zone-d,pressure,1013.2
2024-01-22T19:56:00.000Z,zone-a,pressure,994.3
2024-01-22T22:03:00.000Z,zone-b,pressure,990.4
2024-01-22T22:26:00.000Z,zone-b,humidity,79.6
2024-01-23T00:05:00.000Z,zone-c,light,255.6
2024-01-23T02:37:00.000Z,zone-c,humidity,55.7
2024-01-23T04:17:00.000Z,zone-c,pressure,997.2
2024-01-23T04:27:00.000Z,zone-a,light,593
2024-01-23T06:42:00.000Z,zone-d,temperature,15.5
2024-01-23T07:49:00.000Z,zone-b,light,358.7
2024-01-23T10:07:00.000Z,zone-d,light,582.5
2024-01-23T10:49:00.000Z,zone-b,temperature,19.3
2024-01-23T17:06:00.000Z,zone-a,humidity,49.3
2024-01-23T17:52:00.000Z,zone-a,temperature,27.3
2024-01-23T23:36:00.000Z,zone-b,pressure,1016.9
2024-01-24T01:02:00.000Z,zone-c,humidity,38.2
2024-01-24T03:21:00.000Z,zone-d,light,331.8
2024-01-24T03:46:00.000Z,zone-d,temperature,30.6
2024-01-24T04:43:00.000Z,zone-a,temperature,16.1
2024-01-24T05:16:00.000Z,zone-b,light,698.9
2024-01-24T06:39:00.000Z,zone-c,light,525.9
2024-01-24T07:01:00.000Z,zone-c,pressure,994.2
2024-01-24T09:36:00.000Z,zone-b,humidity,51.5
2024-01-24T11:35:00.000Z,zone-d,humidity,78.4
2024-01-24T11:53:00.000Z,zone-a,pressure,996.7
2024-01-24T12:00:00.000Z,zone-a,humidity,62.3
2024-01-24T13:03:00.000Z,zone-c,temperature,16.5
2024-01-24T13:27:00.000Z,zone-d,pressure,1007.7
2024-01-24T16:47:00.000Z,zone-b,temperature,27.7
2024-01-24T17:38:00.000Z,zone-a,light,457.1
2024-01-24T19:27:00.000Z,zone-c,pressure,1009
2024-01-24T20:25:00.000Z,zone-b,humidity,74.7
2024-01-24T21:28:00.000Z,zone-c,humidity,33.5
2024-01-24T22:59:00.000Z,zone-d,temperature,18.7
2024-01-25T00:51:00.000Z,zone-d,light,109.4
2024-01-25T01:39:00.000Z,zone-c,temperature,35
2024-01-25T03:00:00.000Z,zone-a,pressure,1014.9
2024-01-25T04:57:00.000Z,zone-c,light,265.7
2024-01-25T05:28:00.000Z,zone-b,light,701.9
2024-01-25T07:05:00.000Z,zone-a,temperature,26.6
2024-01-25T09:47:00.000Z,zone-b,pressure,1004
2024-01-25T10:15:00.000Z,zone-a,humidity,31.5
2024-01-25T10:35:00.000Z,zone-d,humidity,51
2024-01-25T12:06:00.000Z,zone-a,light,693.9
2024-01-25T16:07:00.000Z,zone-b,temperature,27.2
2024-01-25T16:31:00.000Z,zone-d,pressure,997
2024-01-25T18:38:00.000Z,zone-a,temperature,32.7
2024-01-25T19:42:00.000Z,zone-b,humidity,74.6
2024-01-25T20:18:00.000Z,zone-b,temperature,31.9
2024-01-25T22:40:00.000Z,zone-d,temperature,28
2024-01-25T23:37:00.000Z,zone-d,humidity,54.8
2024-01-26T00:05:00.000Z,zone-c,light,345.8
2024-01-26T01:11:00.000Z,zone-c,temperature,33.5
2024-01-26T04:35:00.000Z,zone-b,pressure,992.3
2024-01-26T04:50:00.000Z,zone-b,light,837.1
2024-01-26T05:17:00.000Z,zone-c,humidity,50.1
2024-01-26T07:46:00.000Z,zone-c,pressure,1006.2
2024-01-26T08:03:00.000Z,zone-d,light,325
2024-01-26T10:22:00.000Z,zone-a,pressure,1011.7
2024-01-26T11:09:00.000Z,zone-d,pressure,1011.9
2024-01-26T16:05:00.000Z,zone-a,light,139.1
2024-01-26T18:15:00.000Z,zone-a,humidity,78.7
2024-01-26T18:39:00.000Z,zone-a,pressure,995.5
2024-01-26T20:15:00.000Z,zone-d,light,416.6
2024-01-27T01:02:00.000Z,zone-a,humidity,36.9
2024-01-27T01:13:00.000Z,zone-c,temperature,25.9
2024-01-27T01:33:00.000Z,zone-d,temperature,23.7
2024-01-27T02:00:00.000Z,zone-b,humidity,59.7
2024-01-27T02:17:00.000Z,zone-b,temperature,15.8
2024-01-27T03:01:00.000Z,zone-a,temperature,18.9
2024-01-27T04:41:00.000Z,zone-c,light,703.6
2024-01-27T07:10:00.000Z,zone-c,humidity,36.6
2024-01-27T07:21:00.000Z,zone-d,pressure,1017.4
2024-01-27T11:43:00.000Z,zone-c,pressure,1002.9
2024-01-27T11:47:00.000Z,zone-b,pressure,995.5
2024-01-27T13:43:00.000Z,zone-d,humidity,60.7
2024-01-27T14:43:00.000Z,zone-a,light,340.8
2024-01-27T17:27:00.000Z,zone-b,light,498.5
2024-01-27T18:38:00.000Z,zone-b,temperature,16.4
2024-01-27T23:13:00.000Z,zone-b,humidity,61.3
2024-01-27T23:20:00.000Z,zone-a,humidity,34.6
2024-01-28T02:44:00.000Z,zone-c,pressure,992.3
2024-01-28T03:47:00.000Z,zone-b,light,612.3
2024-01-28T04:14:00.000Z,zone-c,temperature,26.7
2024-01-28T06:44:00.000Z,zone-a,pressure,1001.1
2024-01-28T07:28:00.000Z,zone-d,pressure,1001.5
2024-01-28T07:54:00.000Z,zone-d,temperature,26.8
2024-01-28T09:47:00.000Z,zone-d,humidity,66.4
2024-01-28T10:13:00.000Z,zone-c,light,569.9
2024-01-28T10:45:00.000Z,zone-a,light,411.1
2024-01-28T13:35:00.000Z,zone-a,temperature,31.4
2024-01-28T14:43:00.000Z,zone-b,pressure,991
2024-01-28T16:41:00.000Z,zone-c,humidity,35.5
2024-01-28T18:02:00.000Z,zone-d,light,472
2024-01-28T18:54:00.000Z,zone-c,pressure,999
2024-01-28T23:01:00.000Z,zone-a,temperature,30.7
2024-01-29T00:43:00.000Z,zone-b,temperature,33.8
2024-01-29T03:10:00.000Z,zone-a,light,706.9
2024-01-29T05:46:00.000Z,zone-b,light,100.4
2024-01-29T08:54:00.000Z,zone-c,temperature,26
2024-01-29T09:11:00.000Z,zone-b,pressure,998.3
2024-01-29T09:30:00.000Z,zone-c,light,230.1
2024-01-29T11:29:00.000Z,zone-a,pressure,1004.1
2024-01-29T11:31:00.000Z,zone-a,humidity,73
2024-01-29T12:56:00.000Z,zone-d,humidity,69.3
2024-01-29T14:44:00.000Z,zone-d,pressure,993.1
2024-01-29T14:59:00.000Z,zone-d,temperature,22.6
2024-01-29T15:16:00.000Z,zone-c,humidity,38.9
2024-01-29T15:52:00.000Z,zone-b,humidity,39
2024-01-29T17:27:00.000Z,zone-d,light,171.3
2024-01-29T19:31:00.000Z,zone-b,pressure,1001.2
2024-01-29T20:17:00.000Z,zone-c,light,387.5
2024-01-29T21:14:00.000Z,zone-a,light,629.6
2024-01-29T21:28:00.000Z,zone-b,light,100.9
2024-01-29T23:38:00.000Z,zone-b,temperature,22.4
2024-01-30T01:17:00.000Z,zone-d,pressure,996.9
2024-01-30T01:47:00.000Z,zone-a,temperature,25.3
2024-01-30T02:32:00.000Z,zone-a,humidity,69.7
2024-01-30T03:16:00.000Z,zone-c,temperature,24.9
2024-01-30T04:30:00.000Z,zone-c,pressure,1013.5
2024-01-30T05:38:00.000Z,zone-b,humidity,73.4
2024-01-30T10:30:00.000Z,zone-c,humidity,37.3
2024-01-30T11:14:00.000Z,zone-d,light,409.1
2024-01-30T11:16:00.000Z,zone-a,pressure,1015.4
2024-01-30T15:10:00.000Z,zone-d,humidity,66.4
2024-01-30T16:15:00.000Z,zone-d,temperature,19.3
2024-01-30T21:21:00.000Z,zone-c,pressure,990.3
2024-01-30T21:33:00.000Z,zone-c,light,137.5
2024-01-30T22:15:00.000Z,zone-b,humidity,38
2024-01-30T22:33:00.000Z,zone-c,humidity,58.3
2024-01-30T22:45:00.000Z,zone-b,light,786.9
2024-01-30T22:59:00.000Z,zone-c,temperature,27.7
2024-01-31T00:27:00.000Z,zone-d,light,587.8
2024-01-31T03:12:00.000Z,zone-a,temperature,18.4
2024-01-31T03:33:00.000Z,zone-a,light,136.9
2024-01-31T07:25:00.000Z,zone-d,humidity,78.6
2024-01-31T07:32:00.000Z,zone-a,pressure,1005.5
2024-01-31T08:39:00.000Z,zone-d,pressure,1008.5
2024-01-31T08:56:00.000Z,zone-b,pressure,1012.9
2024-01-31T09:41:00.000Z,zone-a,humidity,37.2
2024-01-31T13:10:00.000Z,zone-b,temperature,27
2024-01-31T16:02:00.000Z,zone-d,temperature,33.2
2024-01-31T18:51:00.000Z,zone-b,temperature,21.4
2024-01-31T19:24:00.000Z,zone-a,temperature,15.1
2024-01-31T19:57:00.000Z,zone-c,pressure,1003.8
2024-02-01T00:10:00.000Z,zone-c,temperature,34.3
2024-02-01T00:31:00.000Z,zone-d,pressure,1019.4
2024-02-01T02:23:00.000Z,zone-b,humidity,67
2024-02-01T04:15:00.000Z,zone-d,temperature,17.5
2024-02-01T06:22:00.000Z,zone-a,pressure,996.9
2024-02-01T07:38:00.000Z,zone-c,humidity,34.4
2024-02-01T08:48:00.000Z,zone-d,light,305.5
2024-02-01T11:30:00.000Z,zone-a,light,326.1
2024-02-01T12:11:00.000Z,zone-b,light,750
2024-02-01T14:18:00.000Z,zone-a,humidity,61.5
2024-02-01T15:49:00.000Z,zone-d,humidity,61.6
2024-02-01T16:07:00.000Z,zone-b,pressure,999.2
2024-02-01T16:20:00.000Z,zone-c,light,295.9
2024-02-01T21:16:00.000Z,zone-c,humidity,69.8
2024-02-01T23:24:00.000Z,zone-a,humidity,75.2
2024-02-02T02:55:00.000Z,zone-d,humidity,36.5
2024-02-02T04:06:00.000Z,zone-a,pressure,993.7
2024-02-02T04:23:00.000Z,zone-c,pressure,1012
2024-02-02T05:52:00.000Z,zone-a,light,789.7
2024-02-02T05:56:00.000Z,zone-d,pressure,994
2024-02-02T06:37:00.000Z,zone-d,temperature,20.2
2024-02-02T06:57:00.000Z,zone-a,temperature,25.1
2024-02-02T10:51:00.000Z,zone-b,light,835.4
2024-02-02T11:35:00.000Z,zone-d,light,492.2
2024-02-02T13:32:00.000Z,zone-c,temperature,30.6
2024-02-02T14:51:00.000Z,zone-b,humidity,32.4
2024-02-02T15:18:00.000Z,zone-b,temperature,16.9
2024-02-02T15:31:00.000Z,zone-b,pressure,1004.6
2024-02-02T16:52:00.000Z,zone-c,light,715.2
2024-02-02T19:08:00.000Z,zone-a,humidity,76.9
2024-02-02T20:47:00.000Z,zone-d,pressure,1000.7
2024-02-03T00:08:00.000Z,zone-b,humidity,35.6
2024-02-03T01:07:00.000Z,zone-d,humidity,71.7
2024-02-03T01:36:00.000Z,zone-a,pressure,1015.9
2024-02-03T01:38:00.000Z,zone-b,light,360.8
2024-02-03T02:28:00.000Z,zone-c,temperature,32.2
2024-02-03T03:05:00.000Z,zone-b,temperature,23.1
2024-02-03T05:08:00.000Z,zone-d,light,116.6
2024-02-03T09:11:00.000Z,zone-b,pressure,990.5
2024-02-03T10:24:00.000Z,zone-c,pressure,1000.8
2024-02-03T10:50:00.000Z,zone-c,humidity,49.2
2024-02-03T14:04:00.000Z,zone-d,temperature,16.2
2024-02-03T17:07:00.000Z,zone-a,light,824.7
2024-02-03T17:17:00.000Z,zone-c,light,248
2024-02-03T17:25:00.000Z,zone-a,temperature,27.5
2024-02-03T19:59:00.000Z,zone-a,pressure,1009
2024-02-03T20:40:00.000Z,zone-a,temperature,27.5
2024-02-04T01:16:00.000Z,zone-b,humidity,45
2024-02-04T01:20:00.000Z,zone-d,temperature,29.7
2024-02-04T01:56:00.000Z,zone-b,pressure,1008.6
2024-02-04T02:59:00.000Z,zone-d,light,786.3
2024-02-04T03:18:00.000Z,zone-c,light,634
2024-02-04T03:59:00.000Z,zone-b,temperature,19.9
2024-02-04T04:44:00.000Z,zone-a,humidity,65.2
2024-02-04T06:31:00.000Z,zone-c,humidity,66.9
2024-02-04T09:22:00.000Z,zone-d,humidity,41
2024-02-04T10:11:00.000Z,zone-c,pressure,1018.4
2024-02-04T14:10:00.000Z,zone-b,light,175
2024-02-04T17:16:00.000Z,zone-d,pressure,1016.1
2024-02-04T17:24:00.000Z,zone-c,temperature,22.3
2024-02-04T17:25:00.000Z,zone-a,light,834.5
2024-02-04T21:38:00.000Z,zone-a,temperature,18.1
2024-02-04T22:05:00.000Z,zone-d,light,634.3
2024-02-04T22:12:00.000Z,zone-a,humidity,35.6
2024-02-04T22:21:00.000Z,zone-b,pressure,997.6
2024-02-04T22:59:00.000Z,zone-d,temperature,28
2024-02-05T03:54:00.000Z,zone-c,humidity,30.5
2024-02-05T05:43:00.000Z,zone-d,humidity,58.2
2024-02-05T06:58:00.000Z,zone-b,temperature,16.9
2024-02-05T07:52:00.000Z,zone-b,light,152.2
2024-02-05T08:31:00.000Z,zone-c,pressure,1009.7
2024-02-05T09:28:00.000Z,zone-b,humidity,52.6
2024-02-05T14:36:00.000Z,zone-d,pressure,1009.2
2024-02-05T14:55:00.000Z,zone-c,light,525.3
2024-02-05T15:04:00.000Z,zone-a,pressure,994.4
2024-02-05T15:53:00.000Z,zone-a,light,380.7
2024-02-05T17:31:00.000Z,zone-c,temperature,30.1
2024-02-05T20:14:00.000Z,zone-b,humidity,39.4
2024-02-05T20:45:00.000Z,zone-b,pressure,991.4
2024-02-05T22:15:00.000Z,zone-b,light,515.3
2024-02-06T02:25:00.000Z,zone-c,pressure,991.6
2024-02-06T04:30:00.000Z,zone-c,temperature,24.5
2024-02-06T06:39:00.000Z,zone-d,humidity,60.8
2024-02-06T06:53:00.000Z,zone-a,temperature,31.9
2024-02-06T08:31:00.000Z,zone-d,temperature,19
2024-02-06T08:47:00.000Z,zone-d,light,852.4
2024-02-06T09:34:00.000Z,zone-b,temperature,28.7
2024-02-06T11:14:00.000Z,zone-c,humidity,37.6
2024-02-06T11:42:00.000Z,zone-a,pressure,1002.7
2024-02-06T11:59:00.000Z,zone-a,humidity,33.2
2024-02-06T14:13:00.000Z,zone-c,light,202.3
2024-02-06T14:24:00.000Z,zone-d,pressure,1002.8
2024-02-06T16:50:00.000Z,zone-a,light,398.6
2024-02-06T22:26:00.000Z,zone-c,temperature,19.9
2024-02-06T23:21:00.000Z,zone-d,pressure,1008.5
2024-02-07T01:49:00.000Z,zone-d,temperature,29.8
2024-02-07T02:11:00.000Z,zone-a,humidity,42.5
2024-02-07T04:46:00.000Z,zone-c,light,194.2
2024-02-07T05:27:00.000Z,zone-a,pressure,995.8
2024-02-07T05:42:00.000Z,zone-a,light,554.1
2024-02-07T09:09:00.000Z,zone-d,humidity,58.5
2024-02-07T09:42:00.000Z,zone-c,humidity,57.8
2024-02-07T11:42:00.000Z,zone-d,light,750
2024-02-07T11:47:00.000Z,zone-a,temperature,34.4
2024-02-07T12:38:00.000Z,zone-b,humidity,37.6
2024-02-07T13:03:00.000Z,zone-c,pressure,994.9
2024-02-07T14:26:00.000Z,zone-b,light,154.6
2024-02-07T15:46:00.000Z,zone-b,temperature,20.5
2024-02-07T16:37:00.000Z,zone-b,pressure,992.5
2024-02-07T18:42:00.000Z,zone-b,temperature,30.5
2024-02-07T19:49:00.000Z,zone-c,pressure,1002.2
2024-02-07T23:12:00.000Z,zone-b,light,857.9
2024-02-08T01:35:00.000Z,zone-d,light,705.8
2024-02-08T03:05:00.000Z,zone-c,temperature,16.7
2024-02-08T03:53:00.000Z,zone-a,light,752
2024-02-08T07:04:00.000Z,zone-b,pressure,1010.8
2024-02-08T10:08:00.000Z,zone-b,humidity,35.4
2024-02-08T10:50:00.000Z,zone-c,light,424.2
2024-02-08T12:04:00.000Z,zone-a,pressure,1014.4
2024-02-08T12:43:00.000Z,zone-d,humidity,72
2024-02-08T12:45:00.000Z,zone-d,pressure,1019
2024-02-08T14:33:00.000Z,zone-c,humidity,75.2
2024-02-08T14:45:00.000Z,zone-d,temperature,19.5
2024-02-08T15:56:00.000Z,zone-a,humidity,37.8
2024-02-08T16:25:00.000Z,zone-a,temperature,25.9
2024-02-08T19:30:00.000Z,zone-b,pressure,992.8
2024-02-08T23:32:00.000Z,zone-b,humidity,40.6
2024-02-08T23:33:00.000Z,zone-d,temperature,29.6
2024-02-09T02:40:00.000Z,zone-a,temperature,28.5
2024-02-09T03:23:00.000Z,zone-a,humidity,52.9
2024-02-09T06:04:00.000Z,zone-b,light,384.3
2024-02-09T06:34:00.000Z,zone-d,pressure,1005
2024-02-09T11:20:00.000Z,zone-c,pressure,1002.8
2024-02-09T11:25:00.000Z,zone-d,light,261.6
2024-02-09T11:51:00.000Z,zone-c,light,290.4
2024-02-09T11:58:00.000Z,zone-c,humidity,77.5
2024-02-09T12:28:00.000Z,zone-a,pressure,1015.5
2024-02-09T12:59:00.000Z,zone-b,temperature,25.2
2024-02-09T15:30:00.000Z,zone-d,humidity,78.2
2024-02-09T17:14:00.000Z,zone-c,temperature,34.6
2024-02-09T17:46:00.000Z,zone-a,light,306.3
2024-02-09T22:21:00.000Z,zone-a,temperature,17
2024-02-10T00:25:00.000Z,zone-d,humidity,67.3
2024-02-10T02:49:00.000Z,zone-c,humidity,52.1
2024-02-10T03:39:00.000Z,zone-c,temperature,19.1
2024-02-10T06:27:00.000Z,zone-a,pressure,997.3
2024-02-10T07:41:00.000Z,zone-b,light,200
2024-02-10T07:59:00.000Z,zone-c,pressure,1010.5
2024-02-10T08:06:00.000Z,zone-a,light,613.5
2024-02-10T08:46:00.000Z,zone-b,pressure,1015.1
2024-02-10T08:59:00.000Z,zone-c,light,730.4
2024-02-10T09:45:00.000Z,zone-b,humidity,37.6
2024-02-10T10:01:00.000Z,zone-a,humidity,54.1
2024-02-10T10:45:00.000Z,zone-d,temperature,27.4
2024-02-10T12:34:00.000Z,zone-b,temperature,34.8
2024-02-10T13:08:00.000Z,zone-d,pressure,991
2024-02-10T15:57:00.000Z,zone-d,light,723.1
2024-02-10T18:36:00.000Z,zone-b,humidity,70.9
2024-02-10T20:35:00.000Z,zone-b,temperature,22.6
2024-02-10T20:38:00.000Z,zone-a,light,245.6
2024-02-10T22:03:00.000Z,zone-a,pressure,1013.6
2024-02-11T00:38:00.000Z,zone-b,pressure,997.3
2024-02-11T03:30:00.000Z,zone-d,pressure,1014.2
2024-02-11T05:22:00.000Z,zone-a,temperature,27.5
2024-02-11T05:57:00.000Z,zone-d,temperature,30.2
2024-02-11T07:54:00.000Z,zone-d,light,166.4
2024-02-11T09:14:00.000Z,zone-a,humidity,50.5
2024-02-11T09:24:00.000Z,zone-c,pressure,1016.9
2024-02-11T09:40:00.000Z,zone-c,temperature,19.1
2024-02-11T14:22:00.000Z,zone-b,light,671.3
2024-02-11T17:00:00.000Z,zone-d,humidity,37.7
2024-02-11T18:06:00.000Z,zone-c,light,492.1
2024-02-11T18:28:00.000Z,zone-c,humidity,72.4
2024-02-11T18:39:00.000Z,zone-c,pressure,1008.7
2024-02-11T20:56:00.000Z,zone-d,pressure,1000.5
2024-02-11T21:19:00.000Z,zone-b,temperature,21.5
2024-02-11T23:26:00.000Z,zone-b,light,192.8
2024-02-12T01:06:00.000Z,zone-d,humidity,68.2
2024-02-12T02:04:00.000Z,zone-c,light,421.9
2024-02-12T06:59:00.000Z,zone-b,humidity,62.6
2024-02-12T07:30:00.000Z,zone-b,pressure,993.3
2024-02-12T07:50:00.000Z,zone-a,temperature,29.2
2024-02-12T09:34:00.000Z,zone-c,temperature,32.3
2024-02-12T10:10:00.000Z,zone-d,light,505.3
2024-02-12T11:37:00.000Z,zone-d,temperature,27.3
2024-02-12T13:58:00.000Z,zone-a,pressure,997.1
2024-02-12T14:13:00.000Z,zone-a,humidity,55.8
2024-02-12T14:15:00.000Z,zone-c,humidity,46.8
2024-02-12T16:15:00.000Z,zone-a,light,347.9
2024-02-12T20:06:00.000Z,zone-b,pressure,996.4
2024-02-12T22:45:00.000Z,zone-c,humidity,58.4
2024-02-12T23:02:00.000Z,zone-b,light,669.1
2024-02-12T23:10:00.000Z,zone-d,pressure,1000.1
2024-02-13T00:48:00.000Z,zone-c,pressure,1003.4
2024-02-13T01:37:00.000Z,zone-d,light,837.4
2024-02-13T04:23:00.000Z,zone-a,humidity,31.9
2024-02-13T05:05:00.000Z,zone-d,temperature,34.6
2024-02-13T07:00:00.000Z,zone-a,pressure,1009.8
2024-02-13T08:28:00.000Z,zone-c,light,389.6
2024-02-13T08:44:00.000Z,zone-b,humidity,30.5
2024-02-13T10:26:00.000Z,zone-a,light,470.4
2024-02-13T11:53:00.000Z,zone-d,humidity,68.5
2024-02-13T12:18:00.000Z,zone-c,temperature,16.3
2024-02-13T12:26:00.000Z,zone-a,temperature,25
2024-02-13T13:46:00.000Z,zone-b,temperature,18.2
2024-02-13T18:30:00.000Z,zone-c,temperature,19.4
2024-02-13T21:54:00.000Z,zone-a,temperature,30.1
2024-02-13T21:59:00.000Z,zone-d,pressure,1004.3
2024-02-13T23:44:00.000Z,zone-b,light,688.8
2024-02-14T00:17:00.000Z,zone-b,pressure,1009.4
2024-02-14T00:49:00.000Z,zone-b,humidity,74.4
2024-02-14T01:34:00.000Z,zone-d,humidity,69.6
2024-02-14T02:52:00.000Z,zone-c,humidity,79.1
2024-02-14T03:03:00.000Z,zone-d,temperature,26.5
2024-02-14T03:11:00.000Z,zone-a,humidity,68.6
2024-02-14T06:22:00.000Z,zone-a,light,416.3
2024-02-14T09:24:00.000Z,zone-c,pressure,1013.6
2024-02-14T09:38:00.000Z,zone-c,light,251.4
2024-02-14T10:59:00.000Z,zone-a,pressure,1018.6
2024-02-14T11:28:00.000Z,zone-b,temperature,34.4
2024-02-14T14:27:00.000Z,zone-d,light,511.2
2024-02-14T20:38:00.000Z,zone-a,humidity,42.7
2024-02-14T23:03:00.000Z,zone-c,humidity,58.8
2024-02-14T23:09:00.000Z,zone-b,pressure,1017.8
2024-02-14T23:22:00.000Z,zone-c,pressure,994.5
2024-02-15T04:40:00.000Z,zone-d,pressure,1005.8
2024-02-15T04:42:00.000Z,zone-c,temperature,19.3
2024-02-15T04:57:00.000Z,zone-c,light,491.3
2024-02-15T06:10:00.000Z,zone-a,pressure,1013.4
2024-02-15T09:05:00.000Z,zone-a,light,104.9
2024-02-15T09:25:00.000Z,zone-d,temperature,24.5
2024-02-15T11:39:00.000Z,zone-b,humidity,67.5
2024-02-15T11:50:00.000Z,zone-b,light,895.2
2024-02-15T12:24:00.000Z,zone-a,temperature,19.3
2024-02-15T12:41:00.000Z,zone-d,light,215.7
2024-02-15T14:52:00.000Z,zone-b,temperature,25.1
2024-02-15T15:15:00.000Z,zone-d,humidity,37.3
2024-02-15T22:03:00.000Z,zone-b,temperature,21.4
2024-02-15T22:10:00.000Z,zone-d,temperature,18.3
2024-02-15T22:15:00.000Z,zone-a,pressure,1003.5
2024-02-16T00:32:00.000Z,zone-b,humidity,70.9
2024-02-16T02:05:00.000Z,zone-d,pressure,1008.1
2024-02-16T02:23:00.000Z,zone-c,temperature,30.1
2024-02-16T03:12:00.000Z,zone-c,pressure,1013.3
2024-02-16T03:16:00.000Z,zone-a,humidity,78.7
2024-02-16T05:52:00.000Z,zone-d,light,165
2024-02-16T06:37:00.000Z,zone-d,humidity,72
2024-02-16T07:38:00.000Z,zone-c,light,699.4
2024-02-16T08:48:00.000Z,zone-a,temperature,34.4
2024-02-16T10:32:00.000Z,zone-b,pressure,1004
2024-02-16T11:18:00.000Z,zone-b,light,661.1
2024-02-16T15:10:00.000Z,zone-c,humidity,58.4
2024-02-16T18:11:00.000Z,zone-a,light,187.7
2024-02-16T19:24:00.000Z,zone-d,pressure,1001
2024-02-16T22:20:00.000Z,zone-a,humidity,37.6
2024-02-16T22:59:00.000Z,zone-a,pressure,1018.6
2024-02-17T00:24:00.000Z,zone-b,pressure,1010.8
2024-02-17T04:25:00.000Z,zone-d,light,235.5
2024-02-17T06:45:00.000Z,zone-c,pressure,1018.5
2024-02-17T08:19:00.000Z,zone-c,temperature,27
2024-02-17T09:50:00.000Z,zone-a,temperature,29.5
2024-02-17T10:26:00.000Z,zone-c,humidity,72.1
2024-02-17T10:26:00.000Z,zone-d,temperature,27.4
2024-02-17T10:33:00.000Z,zone-a,light,273.3
2024-02-17T10:40:00.000Z,zone-d,humidity,41.7
2024-02-17T11:21:00.000Z,zone-c,light,592.6
2024-02-17T12:40:00.000Z,zone-b,humidity,66.2
2024-02-17T12:44:00.000Z,zone-b,light,850.1
2024-02-17T17:49:00.000Z,zone-b,temperature,19.1
2024-02-17T20:50:00.000Z,zone-b,light,281.4
2024-02-17T20:52:00.000Z,zone-b,humidity,39.6
2024-02-17T22:13:00.000Z,zone-c,temperature,20.9
2024-02-17T22:49:00.000Z,zone-b,pressure,996.4
2024-02-18T01:00:00.000Z,zone-d,pressure,1000.6
2024-02-18T06:42:00.000Z,zone-a,humidity,59.1
2024-02-18T09:54:00.000Z,zone-a,pressure,990.4
2024-02-18T10:35:00.000Z,zone-d,light,640
2024-02-18T11:19:00.000Z,zone-c,humidity,37.7
2024-02-18T12:01:00.000Z,zone-a,light,458
2024-02-18T13:41:00.000Z,zone-c,light,610.2
2024-02-18T13:41:00.000Z,zone-d,humidity,67.8
2024-02-18T15:34:00.000Z,zone-b,temperature,26.3
2024-02-18T15:39:00.000Z,zone-d,temperature,21.3
2024-02-18T16:47:00.000Z,zone-c,pressure,997.1
2024-02-18T17:17:00.000Z,zone-a,temperature,34.3
2024-02-18T21:18:00.000Z,zone-c,temperature,26.6
2024-02-18T21:33:00.000Z,zone-d,pressure,1004.5
2024-02-19T01:59:00.000Z,zone-b,light,306.2
2024-02-19T05:18:00.000Z,zone-a,humidity,60.8
2024-02-19T05:20:00.000Z,zone-a,light,694.9
2024-02-19T05:20:00.000Z,zone-b,humidity,47.7
2024-02-19T06:24:00.000Z,zone-c,humidity,31.9
2024-02-19T07:55:00.000Z,zone-b,temperature,22.9
2024-02-19T09:39:00.000Z,zone-c,pressure,990.2
2024-02-19T10:06:00.000Z,zone-d,light,247
2024-02-19T12:34:00.000Z,zone-b,pressure,994.1
2024-02-19T13:30:00.000Z,zone-a,temperature,33.3
2024-02-19T15:51:00.000Z,zone-d,humidity,52.1
2024-02-19T16:12:00.000Z,zone-d,temperature,15.6
2024-02-19T16:19:00.000Z,zone-c,light,431.9
2024-02-19T17:06:00.000Z,zone-a,pressure,991.9
2024-02-19T18:46:00.000Z,zone-b,humidity,75.1
2024-02-20T00:08:00.000Z,zone-a,humidity,46.3
2024-02-20T02:20:00.000Z,zone-c,temperature,17.8
2024-02-20T03:31:00.000Z,zone-c,humidity,63.2
2024-02-20T04:03:00.000Z,zone-d,humidity,49.5
2024-02-20T05:04:00.000Z,zone-b,light,185.6
2024-02-20T07:44:00.000Z,zone-b,pressure,1001
2024-02-20T08:21:00.000Z,zone-b,temperature,17.8
2024-02-20T08:44:00.000Z,zone-d,light,716.4
2024-02-20T08:49:00.000Z,zone-a,pressure,1014.5
2024-02-20T08:56:00.000Z,zone-c,light,414
2024-02-20T09:45:00.000Z,zone-a,temperature,25.4
2024-02-20T10:15:00.000Z,zone-c,pressure,1010.4
2024-02-20T11:33:00.000Z,zone-d,temperature,20.2
2024-02-20T13:03:00.000Z,zone-d,pressure,1010.4
2024-02-20T15:38:00.000Z,zone-a,light,186.3
2024-02-20T19:10:00.000Z,zone-b,temperature,21
2024-02-20T22:14:00.000Z,zone-a,light,858.4
2024-02-21T01:38:00.000Z,zone-d,temperature,18.5
2024-02-21T03:12:00.000Z,zone-b,humidity,52.7
2024-02-21T03:25:00.000Z,zone-b,pressure,1019.7
2024-02-21T04:10:00.000Z,zone-b,light,384.8
2024-02-21T06:53:00.000Z,zone-c,light,469.8
2024-02-21T06:57:00.000Z,zone-c,humidity,41.2
2024-02-21T07:15:00.000Z,zone-c,temperature,27.3
2024-02-21T07:37:00.000Z,zone-d,humidity,43.1
2024-02-21T07:58:00.000Z,zone-d,light,297
2024-02-21T07:59:00.000Z,zone-c,pressure,1018.4
2024-02-21T08:06:00.000Z,zone-a,temperature,28.4
2024-02-21T12:02:00.000Z,zone-a,pressure,1015.8
2024-02-21T13:12:00.000Z,zone-d,pressure,996.4
2024-02-21T16:57:00.000Z,zone-a,humidity,52.3
2024-02-21T20:37:00.000Z,zone-c,humidity,73.1
2024-02-22T01:08:00.000Z,zone-b,humidity,54.4
2024-02-22T01:47:00.000Z,zone-b,pressure,999
2024-02-22T02:36:00.000Z,zone-b,temperature,30.1
2024-02-22T03:37:00.000Z,zone-d,temperature,19.8
2024-02-22T04:17:00.000Z,zone-c,pressure,1016.7
2024-02-22T05:06:00.000Z,zone-d,humidity,67.9
2024-02-22T07:08:00.000Z,zone-c,temperature,16.9
2024-02-22T07:27:00.000Z,zone-d,light,465.6
2024-02-22T09:10:00.000Z,zone-c,light,311.1
2024-02-22T09:50:00.000Z,zone-a,humidity,66.5
2024-02-22T10:43:00.000Z,zone-b,light,193.6
2024-02-22T11:29:00.000Z,zone-d,pressure,1005.6
2024-02-22T11:47:00.000Z,zone-a,pressure,1016.2
2024-02-22T14:16:00.000Z,zone-a,light,479.5
2024-02-22T18:02:00.000Z,zone-a,temperature,19.9
2024-02-22T21:32:00.000Z,zone-a,temperature,21.4
2024-02-22T21:53:00.000Z,zone-a,humidity,67.7
2024-02-22T23:30:00.000Z,zone-d,humidity,65.6
2024-02-22T23:47:00.000Z,zone-b,light,511.2
2024-02-22T23:56:00.000Z,zone-c,temperature,20.4
2024-02-23T04:13:00.000Z,zone-b,pressure,999
2024-02-23T04:19:00.000Z,zone-a,light,614.1
2024-02-23T04:56:00.000Z,zone-c,humidity,75.4
2024-02-23T09:39:00.000Z,zone-b,humidity,38.4
2024-02-23T10:50:00.000Z,zone-d,pressure,995.5
2024-02-23T11:12:00.000Z,zone-b,temperature,20.8
2024-02-23T13:22:00.000Z,zone-c,light,703.1
2024-02-23T13:48:00.000Z,zone-c,pressure,991.7
2024-02-23T13:49:00.000Z,zone-d,temperature,16.6
2024-02-23T14:36:00.000Z,zone-d,light,308
2024-02-23T15:50:00.000Z,zone-a,pressure,1010.6
2024-02-23T19:05:00.000Z,zone-c,light,393.8
2024-02-23T20:39:00.000Z,zone-b,pressure,1019.9
2024-02-23T21:30:00.000Z,zone-a,light,689.8
2024-02-23T22:19:00.000Z,zone-d,humidity,63.1
2024-02-23T22:52:00.000Z,zone-c,temperature,31.1
2024-02-23T22:52:00.000Z,zone-d,temperature,34.9
2024-02-23T23:01:00.000Z,zone-a,humidity,55.2
2024-02-24T01:42:00.000Z,zone-b,light,530.2
2024-02-24T01:51:00.000Z,zone-d,pressure,1002.5
2024-02-24T03:24:00.000Z,zone-c,humidity,69.3
2024-02-24T04:45:00.000Z,zone-d,light,225.4
2024-02-24T10:51:00.000Z,zone-c,pressure,998.9
2024-02-24T11:14:00.000Z,zone-a,pressure,998.7
2024-02-24T15:59:00.000Z,zone-b,humidity,37
2024-02-24T17:22:00.000Z,zone-a,temperature,32
2024-02-24T18:20:00.000Z,zone-b,temperature,15.5
2024-02-24T18:43:00.000Z,zone-a,temperature,30.5
2024-02-24T18:47:00.000Z,zone-d,humidity,54.4
2024-02-24T21:04:00.000Z,zone-a,pressure,1009.8
2024-02-24T21:35:00.000Z,zone-d,temperature,29
2024-02-24T22:14:00.000Z,zone-d,pressure,1003.7
2024-02-25T02:16:00.000Z,zone-d,light,897
2024-02-25T02:23:00.000Z,zone-a,humidity,66.2
2024-02-25T02:41:00.000Z,zone-a,light,403.1
2024-02-25T03:07:00.000Z,zone-c,humidity,62.1
2024-02-25T03:54:00.000Z,zone-b,temperature,34.5
2024-02-25T04:27:00.000Z,zone-c,temperature,27.3
2024-02-25T08:10:00.000Z,zone-b,humidity,71.6
2024-02-25T08:36:00.000Z,zone-c,pressure,1011.8
2024-02-25T12:16:00.000Z,zone-b,pressure,1009.2
2024-02-25T12:51:00.000Z,zone-b,light,520.2
2024-02-25T14:58:00.000Z,zone-c,light,250.2
2024-02-25T18:34:00.000Z,zone-c,light,213.7
2024-02-25T19:11:00.000Z,zone-c,humidity,42
2024-02-25T22:41:00.000Z,zone-c,temperature,34.5
2024-02-26T00:06:00.000Z,zone-b,humidity,38
2024-02-26T03:44:00.000Z,zone-a,humidity,69.7
2024-02-26T03:49:00.000Z,zone-a,pressure,1015.7
2024-02-26T04:07:00.000Z,zone-b,temperature,20.7
2024-02-26T06:05:00.000Z,zone-d,temperature,17.6
2024-02-26T06:39:00.000Z,zone-d,humidity,49.4
2024-02-26T07:42:00.000Z,zone-a,light,442.2
2024-02-26T09:06:00.000Z,zone-a,temperature,30.3
2024-02-26T09:40:00.000Z,zone-b,pressure,1006.7
2024-02-26T09:54:00.000Z,zone-d,light,747.1
2024-02-26T10:53:00.000Z,zone-d,pressure,998
2024-02-26T14:53:00.000Z,zone-b,light,657.9
2024-02-26T17:30:00.000Z,zone-c,pressure,1017.2
2024-02-26T20:23:00.000Z,zone-a,temperature,30.8
2024-02-26T21:20:00.000Z,zone-b,temperature,21.3
2024-02-26T23:28:00.000Z,zone-a,light,139
2024-02-27T00:00:00.000Z,zone-d,temperature,24.1
2024-02-27T04:57:00.000Z,zone-d,pressure,991.3
2024-02-27T05:36:00.000Z,zone-d,light,608.6
2024-02-27T05:45:00.000Z,zone-a,pressure,993.8
2024-02-27T06:12:00.000Z,zone-d,humidity,72.6
2024-02-27T06:52:00.000Z,zone-c,light,637.6
2024-02-27T08:00:00.000Z,zone-a,humidity,68.9
2024-02-27T08:36:00.000Z,zone-b,pressure,1011.2
2024-02-27T13:19:00.000Z,zone-c,pressure,1003.1
2024-02-27T14:00:00.000Z,zone-c,humidity,66.7
2024-02-27T17:31:00.000Z,zone-b,light,322.7
2024-02-27T17:42:00.000Z,zone-c,temperature,19.1
2024-02-27T17:56:00.000Z,zone-b,humidity,77.2
2024-02-27T22:50:00.000Z,zone-c,pressure,1003.2
2024-02-27T23:13:00.000Z,zone-a,light,688.8
2024-02-27T23:45:00.000Z,zone-c,temperature,19
2024-02-28T00:44:00.000Z,zone-c,humidity,65.2
2024-02-28T00:58:00.000Z,zone-d,pressure,1014.1
2024-02-28T02:41:00.000Z,zone-d,light,549.4
2024-02-28T04:56:00.000Z,zone-c,light,694.7
2024-02-28T05:31:00.000Z,zone-d,humidity,33.8
2024-02-28T06:30:00.000Z,zone-b,temperature,15.5
2024-02-28T07:51:00.000Z,zone-b,light,386.6
2024-02-28T08:19:00.000Z,zone-a,humidity,42.5
2024-02-28T11:13:00.000Z,zone-b,pressure,1019.2
2024-02-28T13:47:00.000Z,zone-b,humidity,58.9
2024-02-28T15:37:00.000Z,zone-a,temperature,27.9
2024-02-28T15:59:00.000Z,zone-d,temperature,32.2
2024-02-28T17:56:00.000Z,zone-a,pressure,1005.1
2024-02-28T21:28:00.000Z,zone-d,light,136
2024-02-28T21:45:00.000Z,zone-b,temperature,18.9
2024-02-28T22:17:00.000Z,zone-c,temperature,18.3
2024-02-29T00:56:00.000Z,zone-a,light,401.4
2024-02-29T01:23:00.000Z,zone-a,pressure,1003
2024-02-29T03:10:00.000Z,zone-a,humidity,56.9
2024-02-29T05:47:00.000Z,zone-b,humidity,72.2
2024-02-29T05:58:00.000Z,zone-b,light,303.8
2024-02-29T06:46:00.000Z,zone-a,temperature,30.7
2024-02-29T09:08:00.000Z,zone-d,temperature,32.6
2024-02-29T12:31:00.000Z,zone-d,pressure,1013.3
2024-02-29T13:51:00.000Z,zone-c,humidity,53.2
2024-02-29T14:34:00.000Z,zone-b,pressure,1017.5
2024-02-29T15:21:00.000Z,zone-c,pressure,1019.7
2024-02-29T15:59:00.000Z,zone-c,light,476.2
2024-02-29T17:36:00.000Z,zone-d,humidity,34.2
2024-02-29T21:05:00.000Z,zone-b,light,804.6
2024-02-29T21:14:00.000Z,zone-c,light,876.5
2024-02-29T22:57:00.000Z,zone-b,temperature,15.4
2024-02-29T23:08:00.000Z,zone-b,pressure,996.8
2024-03-01T01:54:00.000Z,zone-d,pressure,1017.6
2024-03-01T02:34:00.000Z,zone-a,humidity,50
2024-03-01T05:23:00.000Z,zone-a,temperature,33.9
2024-03-01T07:05:00.000Z,zone-d,temperature,22.3
2024-03-01T07:55:00.000Z,zone-c,pressure,1007.8
2024-03-01T08:32:00.000Z,zone-d,humidity,43
2024-03-01T09:06:00.000Z,zone-b,humidity,63.5
2024-03-01T11:52:00.000Z,zone-c,humidity,35.3
2024-03-01T13:48:00.000Z,zone-d,light,832.8
2024-03-01T15:04:00.000Z,zone-a,pressure,992.8
2024-03-01T15:07:00.000Z,zone-c,temperature,19.3
2024-03-01T17:35:00.000Z,zone-a,light,840.3
2024-03-01T19:44:00.000Z,zone-a,temperature,28.6
2024-03-01T20:38:00.000Z,zone-c,temperature,27
2024-03-01T22:26:00.000Z,zone-c,light,783
2024-03-01T22:55:00.000Z,zone-a,pressure,1016.7
2024-03-02T00:48:00.000Z,zone-b,light,370.3
2024-03-02T02:58:00.000Z,zone-d,temperature,22.9
2024-03-02T05:29:00.000Z,zone-a,light,889.8
2024-03-02T05:35:00.000Z,zone-c,pressure,993.6
2024-03-02T06:22:00.000Z,zone-c,humidity,71.1
2024-03-02T09:44:00.000Z,zone-b,temperature,17.3
2024-03-02T12:52:00.000Z,zone-d,light,546.8
2024-03-02T13:10:00.000Z,zone-d,pressure,1004.1
2024-03-02T13:15:00.000Z,zone-b,pressure,1016.7
2024-03-02T13:31:00.000Z,zone-b,humidity,53.8
2024-03-02T15:15:00.000Z,zone-a,humidity,60.6
2024-03-02T17:12:00.000Z,zone-d,humidity,64
2024-03-02T20:20:00.000Z,zone-c,pressure,1017.8
2024-03-02T20:31:00.000Z,zone-a,temperature,26.2
2024-03-02T22:23:00.000Z,zone-d,temperature,15.3
2024-03-02T23:58:00.000Z,zone-a,pressure,1014.4
2024-03-03T01:44:00.000Z,zone-c,light,569.5
2024-03-03T02:34:00.000Z,zone-b,temperature,34.8
2024-03-03T03:41:00.000Z,zone-d,humidity,39.9
2024-03-03T05:23:00.000Z,zone-d,light,134.1
2024-03-03T06:07:00.000Z,zone-d,pressure,1008.2
2024-03-03T08:58:00.000Z,zone-b,light,343.3
2024-03-03T09:14:00.000Z,zone-c,temperature,34.5
2024-03-03T10:45:00.000Z,zone-a,humidity,58
2024-03-03T11:57:00.000Z,zone-c,humidity,56.5
2024-03-03T13:17:00.000Z,zone-a,light,651.5
2024-03-03T14:51:00.000Z,zone-b,humidity,37
2024-03-03T17:28:00.000Z,zone-b,pressure,1013.3
2024-03-03T20:25:00.000Z,zone-a,light,684.8
2024-03-03T21:12:00.000Z,zone-c,light,622.5
2024-03-03T22:38:00.000Z,zone-b,humidity,52.4
2024-03-04T03:10:00.000Z,zone-d,light,558.9
2024-03-04T03:17:00.000Z,zone-d,pressure,1004.8
2024-03-04T05:26:00.000Z,zone-d,humidity,40.7
2024-03-04T06:08:00.000Z,zone-b,pressure,991.6
2024-03-04T08:00:00.000Z,zone-b,light,881.9
2024-03-04T08:06:00.000Z,zone-c,temperature,16.6
2024-03-04T08:25:00.000Z,zone-c,pressure,1001.3
2024-03-04T10:58:00.000Z,zone-d,temperature,29.5
2024-03-04T11:07:00.000Z,zone-a,temperature,32
2024-03-04T12:26:00.000Z,zone-b,temperature,27.8
2024-03-04T12:43:00.000Z,zone-a,pressure,1004.1
2024-03-04T17:39:00.000Z,zone-a,humidity,36.9
2024-03-04T18:13:00.000Z,zone-c,humidity,66.3
2024-03-04T19:36:00.000Z,zone-a,pressure,1004.9
2024-03-04T21:33:00.000Z,zone-d,pressure,1000.7
2024-03-04T23:06:00.000Z,zone-d,temperature,22.9
2024-03-04T23:16:00.000Z,zone-c,pressure,1014.5
2024-03-04T23:57:00.000Z,zone-c,temperature,26.3
2024-03-05T02:49:00.000Z,zone-a,light,760.2
2024-03-05T03:47:00.000Z,zone-c,light,448.3
2024-03-05T08:06:00.000Z,zone-d,light,350.4
2024-03-05T09:52:00.000Z,zone-a,humidity,47
2024-03-05T10:46:00.000Z,zone-c,humidity,48.5
2024-03-05T13:05:00.000Z,zone-d,humidity,68.1
2024-03-05T13:24:00.000Z,zone-b,light,362.2
2024-03-05T13:56:00.000Z,zone-b,temperature,31.5
2024-03-05T15:14:00.000Z,zone-a,temperature,29.5
2024-03-05T16:30:00.000Z,zone-b,pressure,1013.4
2024-03-05T17:20:00.000Z,zone-b,humidity,72.6
2024-03-05T20:55:00.000Z,zone-a,light,754.9
2024-03-05T22:37:00.000Z,zone-c,temperature,17.8
2024-03-06T00:20:00.000Z,zone-d,humidity,47
2024-03-06T06:00:00.000Z,zone-a,pressure,1009.4
2024-03-06T06:32:00.000Z,zone-a,temperature,20.4
2024-03-06T07:33:00.000Z,zone-c,humidity,71.4
2024-03-06T07:36:00.000Z,zone-a,humidity,58.4
2024-03-06T07:36:00.000Z,zone-b,humidity,78
2024-03-06T10:17:00.000Z,zone-b,temperature,31.1
2024-03-06T11:35:00.000Z,zone-b,light,696.9
2024-03-06T13:13:00.000Z,zone-d,light,891.8
2024-03-06T13:14:00.000Z,zone-c,pressure,1007.2
2024-03-06T13:21:00.000Z,zone-d,temperature,17.9
2024-03-06T14:33:00.000Z,zone-b,pressure,1009.5
2024-03-06T15:13:00.000Z,zone-c,light,575.6
2024-03-06T17:48:00.000Z,zone-d,pressure,1014.1
2024-03-06T18:54:00.000Z,zone-c,temperature,29.6
2024-03-06T20:59:00.000Z,zone-b,humidity,46.8
2024-03-06T23:41:00.000Z,zone-b,pressure,1005.8
2024-03-07T01:52:00.000Z,zone-d,temperature,24.1
2024-03-07T05:28:00.000Z,zone-a,temperature,30
2024-03-07T05:41:00.000Z,zone-d,humidity,49.4
2024-03-07T08:41:00.000Z,zone-b,light,372.2
2024-03-07T08:53:00.000Z,zone-d,light,208.9
2024-03-07T08:54:00.000Z,zone-a,humidity,65
2024-03-07T11:02:00.000Z,zone-c,pressure,1014.5
2024-03-07T11:14:00.000Z,zone-b,temperature,32.7
2024-03-07T11:39:00.000Z,zone-c,light,201.1
2024-03-07T14:02:00.000Z,zone-d,pressure,997.4
2024-03-07T15:04:00.000Z,zone-c,humidity,37.8
2024-03-07T17:28:00.000Z,zone-a,light,457.1
2024-03-07T18:04:00.000Z,zone-a,pressure,1019.4
2024-03-07T18:35:00.000Z,zone-d,temperature,30
2024-03-07T18:40:00.000Z,zone-b,light,847.7
2024-03-07T23:10:00.000Z,zone-a,pressure,997.1
2024-03-08T01:10:00.000Z,zone-a,temperature,17
2024-03-08T02:09:00.000Z,zone-d,humidity,44.4
2024-03-08T05:21:00.000Z,zone-a,light,210.5
2024-03-08T05:53:00.000Z,zone-b,humidity,42
2024-03-08T06:32:00.000Z,zone-b,pressure,1003.1
2024-03-08T07:20:00.000Z,zone-a,humidity,38.4
2024-03-08T13:24:00.000Z,zone-d,pressure,991.3
2024-03-08T14:08:00.000Z,zone-d,light,862.6
2024-03-08T14:15:00.000Z,zone-c,light,113.6
2024-03-08T16:34:00.000Z,zone-b,temperature,20.7
2024-03-08T16:41:00.000Z,zone-c,pressure,992
2024-03-08T16:52:00.000Z,zone-c,humidity,78.9
2024-03-08T18:22:00.000Z,zone-c,temperature,20.8
2024-03-08T21:29:00.000Z,zone-d,humidity,55.6
2024-03-08T22:00:00.000Z,zone-c,humidity,47.2
2024-03-08T22:35:00.000Z,zone-c,temperature,32.6
2024-03-09T01:43:00.000Z,zone-d,pressure,990.4
2024-03-09T02:24:00.000Z,zone-b,light,711.6
2024-03-09T03:29:00.000Z,zone-a,light,208.8
2024-03-09T04:19:00.000Z,zone-a,pressure,1013.8
2024-03-09T04:39:00.000Z,zone-b,temperature,30.1
2024-03-09T06:02:00.000Z,zone-d,light,839.5
2024-03-09T07:03:00.000Z,zone-a,temperature,25.9
2024-03-09T08:06:00.000Z,zone-b,humidity,42.6
2024-03-09T09:00:00.000Z,zone-d,temperature,33.5
2024-03-09T15:33:00.000Z,zone-b,pressure,1014.6
2024-03-09T16:18:00.000Z,zone-a,humidity,47.6
2024-03-09T16:41:00.000Z,zone-c,light,307.7
2024-03-09T17:15:00.000Z,zone-c,pressure,991.9
2024-03-09T18:44:00.000Z,zone-c,light,151.5
2024-03-09T22:21:00.000Z,zone-d,temperature,16.4
2024-03-09T23:26:00.000Z,zone-b,temperature,28.5
2024-03-10T00:27:00.000Z,zone-a,light,490
2024-03-10T01:42:00.000Z,zone-b,pressure,1013.6
2024-03-10T05:06:00.000Z,zone-d,light,368.1
2024-03-10T08:19:00.000Z,zone-c,temperature,32.3
2024-03-10T08:54:00.000Z,zone-b,light,454.3
2024-03-10T10:56:00.000Z,zone-d,pressure,1014.6
2024-03-10T11:03:00.000Z,zone-a,pressure,1017.3
2024-03-10T11:51:00.000Z,zone-c,humidity,30.5
2024-03-10T11:52:00.000Z,zone-b,humidity,61
2024-03-10T12:08:00.000Z,zone-c,pressure,998.2
2024-03-10T12:43:00.000Z,zone-a,humidity,63
2024-03-10T14:37:00.000Z,zone-d,humidity,50.3
2024-03-10T17:32:00.000Z,zone-a,temperature,28.4
2024-03-10T21:25:00.000Z,zone-a,light,686.1
2024-03-10T21:50:00.000Z,zone-b,light,634.6
2024-03-10T22:15:00.000Z,zone-b,pressure,990.9
2024-03-10T23:09:00.000Z,zone-d,temperature,26.3
2024-03-11T03:27:00.000Z,zone-d,light,464.6
2024-03-11T03:39:00.000Z,zone-a,humidity,79.3
2024-03-11T05:57:00.000Z,zone-b,humidity,70.1
2024-03-11T07:34:00.000Z,zone-c,humidity,30.8
2024-03-11T08:27:00.000Z,zone-c,temperature,17.4
2024-03-11T08:27:00.000Z,zone-d,humidity,52.8
2024-03-11T08:36:00.000Z,zone-a,temperature,29.5
2024-03-11T08:59:00.000Z,zone-c,light,473.1
2024-03-11T09:07:00.000Z,zone-a,pressure,1002.3
2024-03-11T11:33:00.000Z,zone-d,pressure,1015.4
2024-03-11T16:49:00.000Z,zone-c,pressure,1007.5
2024-03-11T16:59:00.000Z,zone-b,temperature,15.6
2024-03-11T18:33:00.000Z,zone-d,temperature,22.6
2024-03-11T19:13:00.000Z,zone-b,humidity,49.9
2024-03-11T19:34:00.000Z,zone-d,pressure,1003.8
2024-03-11T19:38:00.000Z,zone-b,light,572.3
2024-03-11T19:53:00.000Z,zone-a,temperature,22.7
2024-03-11T20:25:00.000Z,zone-d,humidity,60.3
2024-03-12T00:35:00.000Z,zone-a,humidity,35.5
2024-03-12T01:54:00.000Z,zone-d,light,590.6
2024-03-12T04:52:00.000Z,zone-b,pressure,1014.8
2024-03-12T06:36:00.000Z,zone-c,pressure,994.9
2024-03-12T07:32:00.000Z,zone-a,light,509.1
2024-03-12T08:03:00.000Z,zone-a,pressure,1007.6
2024-03-12T09:06:00.000Z,zone-c,temperature,17.4
2024-03-12T10:28:00.000Z,zone-b,temperature,26.2
2024-03-12T13:40:00.000Z,zone-c,humidity,58.1
2024-03-12T16:12:00.000Z,zone-c,light,295
2024-03-12T19:10:00.000Z,zone-b,pressure,1007.7
2024-03-12T19:54:00.000Z,zone-b,light,401.4
2024-03-12T20:45:00.000Z,zone-d,light,370.8
2024-03-12T20:47:00.000Z,zone-a,light,680.8
2024-03-12T21:06:00.000Z,zone-b,humidity,65.6
2024-03-12T23:58:00.000Z,zone-a,humidity,73.3
2024-03-13T00:22:00.000Z,zone-d,humidity,34.6
2024-03-13T01:04:00.000Z,zone-c,temperature,20.9
2024-03-13T01:24:00.000Z,zone-c,light,201.7
2024-03-13T02:30:00.000Z,zone-c,pressure,1008.8
2024-03-13T05:19:00.000Z,zone-d,temperature,18.1
2024-03-13T05:30:00.000Z,zone-c,humidity,62.3
2024-03-13T07:55:00.000Z,zone-b,temperature,18.7
2024-03-13T09:22:00.000Z,zone-a,pressure,1000.8
2024-03-13T11:29:00.000Z,zone-a,temperature,34.9
2024-03-13T15:01:00.000Z,zone-d,pressure,1010.6
2024-03-13T18:33:00.000Z,zone-b,light,241.9
2024-03-13T19:16:00.000Z,zone-d,temperature,23.7
2024-03-13T19:43:00.000Z,zone-c,pressure,994.9
2024-03-13T20:49:00.000Z,zone-a,light,739.9
2024-03-13T21:26:00.000Z,zone-b,temperature,29
2024-03-13T21:58:00.000Z,zone-b,humidity,67.8
2024-03-13T23:48:00.000Z,zone-c,humidity,69.3
2024-03-14T00:31:00.000Z,zone-a,temperature,32.7
2024-03-14T03:11:00.000Z,zone-a,pressure,1009.9
2024-03-14T03:12:00.000Z,zone-c,light,668.2
2024-03-14T06:20:00.000Z,zone-a,humidity,55.9
2024-03-14T10:12:00.000Z,zone-d,pressure,997.2
2024-03-14T12:18:00.000Z,zone-d,humidity,57.2
2024-03-14T13:00:00.000Z,zone-b,pressure,1017.8
2024-03-14T16:43:00.000Z,zone-c,temperature,16.8
2024-03-14T17:34:00.000Z,zone-d,light,123.5
2024-03-14T18:53:00.000Z,zone-a,temperature,19
2024-03-14T19:05:00.000Z,zone-a,light,619.4
2024-03-14T20:36:00.000Z,zone-d,light,541.7
2024-03-14T20:42:00.000Z,zone-b,temperature,27.1
2024-03-14T20:44:00.000Z,zone-c,pressure,992.7
2024-03-14T21:11:00.000Z,zone-b,humidity,56.5
2024-03-14T22:45:00.000Z,zone-a,humidity,34.2
2024-03-14T23:54:00.000Z,zone-c,temperature,30.3
2024-03-15T05:08:00.000Z,zone-a,pressure,1005.8
2024-03-15T05:17:00.000Z,zone-d,pressure,1005.1
2024-03-15T07:32:00.000Z,zone-d,temperature,23.5
2024-03-15T07:42:00.000Z,zone-d,humidity,54.4
2024-03-15T08:41:00.000Z,zone-b,light,354.7
2024-03-15T11:09:00.000Z,zone-c,humidity,63.2
2024-03-15T14:21:00.000Z,zone-c,light,862.9
2024-03-15T15:19:00.000Z,zone-b,pressure,1016.3
2024-03-15T19:25:00.000Z,zone-d,light,530.8
2024-03-15T21:24:00.000Z,zone-c,light,242.7
2024-03-15T23:50:00.000Z,zone-d,temperature,21.5
2024-03-16T02:32:00.000Z,zone-a,temperature,21.7
2024-03-16T06:37:00.000Z,zone-c,pressure,1019.7
2024-03-16T06:58:00.000Z,zone-a,light,647.3
2024-03-16T07:49:00.000Z,zone-a,humidity,38.2
2024-03-16T08:00:00.000Z,zone-a,pressure,990.8
2024-03-16T08:21:00.000Z,zone-c,temperature,32.3
2024-03-16T09:25:00.000Z,zone-d,humidity,74.8
2024-03-16T10:56:00.000Z,zone-b,temperature,24.6
2024-03-16T13:25:00.000Z,zone-c,humidity,75.2
2024-03-16T13:32:00.000Z,zone-b,pressure,1000
2024-03-16T13:57:00.000Z,zone-d,pressure,1007.3
2024-03-16T15:06:00.000Z,zone-b,light,848.9
2024-03-16T17:51:00.000Z,zone-b,humidity,64
2024-03-16T21:30:00.000Z,zone-c,temperature,27.4
2024-03-16T22:17:00.000Z,zone-d,pressure,993.7
2024-03-16T23:23:00.000Z,zone-b,pressure,997
2024-03-17T00:47:00.000Z,zone-c,pressure,999.7
2024-03-17T01:33:00.000Z,zone-b,humidity,37.9
2024-03-17T04:08:00.000Z,zone-d,humidity,59.4
2024-03-17T04:49:00.000Z,zone-a,humidity,72.8
2024-03-17T05:08:00.000Z,zone-d,light,102.9
2024-03-17T10:22:00.000Z,zone-a,temperature,33.6
2024-03-17T13:40:00.000Z,zone-b,temperature,21.6
2024-03-17T13:54:00.000Z,zone-b,light,130.3
2024-03-17T14:54:00.000Z,zone-d,temperature,16.4
2024-03-17T15:46:00.000Z,zone-a,pressure,996.6
2024-03-17T17:26:00.000Z,zone-c,light,600.8
2024-03-17T17:57:00.000Z,zone-c,humidity,62.6
2024-03-17T18:18:00.000Z,zone-a,light,529.2
2024-03-17T18:42:00.000Z,zone-b,light,274.9
2024-03-17T22:06:00.000Z,zone-c,pressure,1000
2024-03-17T23:43:00.000Z,zone-c,temperature,23.5
2024-03-18T01:06:00.000Z,zone-a,temperature,17.3
2024-03-18T01:29:00.000Z,zone-a,light,138.6
2024-03-18T01:29:00.000Z,zone-d,pressure,994.9
2024-03-18T03:03:00.000Z,zone-a,pressure,1018.1
2024-03-18T03:39:00.000Z,zone-d,light,752.6
2024-03-18T04:40:00.000Z,zone-a,humidity,47.3
2024-03-18T08:06:00.000Z,zone-c,humidity,32
2024-03-18T13:29:00.000Z,zone-b,temperature,15.7
2024-03-18T14:45:00.000Z,zone-d,temperature,23.5
2024-03-18T15:55:00.000Z,zone-d,humidity,77.9
2024-03-18T16:06:00.000Z,zone-c,light,857.7
2024-03-18T16:38:00.000Z,zone-b,humidity,55.5
2024-03-18T16:48:00.000Z,zone-b,pressure,1012.3
2024-03-18T19:29:00.000Z,zone-c,humidity,30.2
2024-03-18T21:00:00.000Z,zone-c,light,849.5
2024-03-18T21:10:00.000Z,zone-a,pressure,1007.6
2024-03-18T22:42:00.000Z,zone-a,light,532.2
2024-03-19T01:18:00.000Z,zone-d,temperature,16.7
2024-03-19T03:45:00.000Z,zone-a,humidity,77.5
2024-03-19T04:18:00.000Z,zone-d,humidity,52
2024-03-19T06:10:00.000Z,zone-c,temperature,24.1
2024-03-19T06:52:00.000Z,zone-c,pressure,997.5
2024-03-19T07:40:00.000Z,zone-b,light,653
2024-03-19T12:22:00.000Z,zone-d,pressure,1005.2
2024-03-19T12:37:00.000Z,zone-a,temperature,16.9
2024-03-19T14:01:00.000Z,zone-b,humidity,33.4
2024-03-19T15:04:00.000Z,zone-b,pressure,997.2
2024-03-19T15:47:00.000Z,zone-b,temperature,32.1
2024-03-19T15:48:00.000Z,zone-d,light,774.5
2024-03-19T18:49:00.000Z,zone-b,humidity,34.1
2024-03-19T19:38:00.000Z,zone-b,pressure,1002.1
2024-03-20T00:44:00.000Z,zone-a,light,427.9
2024-03-20T01:33:00.000Z,zone-d,humidity,63.6
2024-03-20T03:14:00.000Z,zone-a,temperature,22.5
2024-03-20T03:39:00.000Z,zone-c,temperature,15.9
2024-03-20T04:50:00.000Z,zone-b,temperature,32.6
2024-03-20T06:00:00.000Z,zone-d,temperature,20.5
2024-03-20T07:57:00.000Z,zone-d,pressure,998
2024-03-20T09:07:00.000Z,zone-c,light,775.8
2024-03-20T10:37:00.000Z,zone-c,pressure,1018.7
2024-03-20T11:13:00.000Z,zone-c,humidity,47
2024-03-20T11:22:00.000Z,zone-b,light,321.5
2024-03-20T15:34:00.000Z,zone-a,humidity,49
2024-03-20T15:50:00.000Z,zone-a,pressure,1000.1
2024-03-20T16:45:00.000Z,zone-d,light,459.3
2024-03-20T20:12:00.000Z,zone-c,humidity,44.5
2024-03-20T20:44:00.000Z,zone-a,temperature,29.8
2024-03-20T21:59:00.000Z,zone-b,humidity,49.9
2024-03-20T22:38:00.000Z,zone-a,humidity,49.8
2024-03-21T00:51:00.000Z,zone-b,pressure,1001.2
2024-03-21T02:51:00.000Z,zone-c,light,362.7
2024-03-21T04:51:00.000Z,zone-d,light,608.7
2024-03-21T05:15:00.000Z,zone-b,temperature,23.3
2024-03-21T07:30:00.000Z,zone-c,temperature,18
2024-03-21T07:34:00.000Z,zone-b,light,895.5
2024-03-21T09:57:00.000Z,zone-d,humidity,65.5
2024-03-21T11:21:00.000Z,zone-a,light,575.5
2024-03-21T12:58:00.000Z,zone-c,pressure,1009.1
2024-03-21T13:02:00.000Z,zone-a,pressure,997.1
2024-03-21T13:16:00.000Z,zone-d,pressure,1017.8
2024-03-21T17:20:00.000Z,zone-d,temperature,15.1
2024-03-21T20:48:00.000Z,zone-c,pressure,991.1
2024-03-21T21:37:00.000Z,zone-d,temperature,33.4
2024-03-21T22:42:00.000Z,zone-b,light,809.9
2024-03-22T01:18:00.000Z,zone-b,temperature,27.1
2024-03-22T02:57:00.000Z,zone-b,pressure,1001.2
2024-03-22T03:06:00.000Z,zone-c,humidity,74.4
2024-03-22T03:48:00.000Z,zone-d,pressure,1014.2
2024-03-22T04:39:00.000Z,zone-d,humidity,74.1
2024-03-22T04:57:00.000Z,zone-c,temperature,19.6
2024-03-22T05:13:00.000Z,zone-d,light,445.5
2024-03-22T06:49:00.000Z,zone-a,temperature,28.9
2024-03-22T08:01:00.000Z,zone-a,pressure,991.8
2024-03-22T10:43:00.000Z,zone-b,humidity,54.4
2024-03-22T11:16:00.000Z,zone-a,light,217.7
2024-03-22T14:25:00.000Z,zone-a,humidity,60.3
2024-03-22T15:05:00.000Z,zone-c,light,191.6
2024-03-22T19:52:00.000Z,zone-d,humidity,34.2
2024-03-22T20:21:00.000Z,zone-b,light,242.4
2024-03-22T20:48:00.000Z,zone-a,light,135.9
2024-03-22T20:51:00.000Z,zone-d,light,370.8
2024-03-22T23:09:00.000Z,zone-c,light,153.1
2024-03-22T23:17:00.000Z,zone-d,pressure,1009.9
2024-03-22T23:23:00.000Z,zone-c,humidity,35.5
2024-03-22T23:37:00.000Z,zone-b,humidity,32.7
2024-03-23T01:04:00.000Z,zone-b,temperature,31.1
2024-03-23T06:39:00.000Z,zone-d,temperature,30.2
2024-03-23T07:42:00.000Z,zone-a,humidity,41.1
2024-03-23T07:55:00.000Z,zone-a,pressure,1019.7
2024-03-23T08:21:00.000Z,zone-c,temperature,22.5
2024-03-23T11:19:00.000Z,zone-b,pressure,993.1
2024-03-23T15:09:00.000Z,zone-a,temperature,30.3
2024-03-23T15:44:00.000Z,zone-c,pressure,991.3
2024-03-23T18:34:00.000Z,zone-c,pressure,997.3
2024-03-23T19:23:00.000Z,zone-b,humidity,43.7
2024-03-23T20:57:00.000Z,zone-c,temperature,30.2
2024-03-23T21:25:00.000Z,zone-a,light,742.5
2024-03-23T23:46:00.000Z,zone-d,light,502.1
2024-03-24T00:29:00.000Z,zone-d,temperature,18.5
2024-03-24T01:15:00.000Z,zone-a,humidity,61.6
2024-03-24T03:49:00.000Z,zone-b,pressure,1013.5
2024-03-24T06:14:00.000Z,zone-a,pressure,1003.1
2024-03-24T11:04:00.000Z,zone-d,pressure,1011.7
2024-03-24T11:17:00.000Z,zone-b,temperature,21.5
2024-03-24T12:40:00.000Z,zone-a,temperature,27.3
2024-03-24T14:37:00.000Z,zone-b,light,590.2
2024-03-24T15:41:00.000Z,zone-c,light,724.6
2024-03-24T17:05:00.000Z,zone-d,humidity,59.5
2024-03-24T17:14:00.000Z,zone-c,humidity,59.2
2024-03-24T19:36:00.000Z,zone-a,pressure,1017
2024-03-24T20:33:00.000Z,zone-d,light,882.7
2024-03-24T21:37:00.000Z,zone-a,temperature,31.9
2024-03-24T21:50:00.000Z,zone-b,temperature,34.5
2024-03-24T22:22:00.000Z,zone-d,humidity,30.4
2024-03-25T01:09:00.000Z,zone-a,humidity,74.3
2024-03-25T01:20:00.000Z,zone-d,pressure,999.4
2024-03-25T03:41:00.000Z,zone-c,pressure,990.4
2024-03-25T04:06:00.000Z,zone-b,light,796
2024-03-25T04:27:00.000Z,zone-d,temperature,34.8
2024-03-25T05:55:00.000Z,zone-c,humidity,65.4
2024-03-25T10:29:00.000Z,zone-b,pressure,1015.1
2024-03-25T13:01:00.000Z,zone-b,humidity,56.5
2024-03-25T15:16:00.000Z,zone-c,light,415.7
2024-03-25T15:20:00.000Z,zone-c,temperature,26.2
2024-03-25T17:07:00.000Z,zone-a,light,420.6
2024-03-25T19:00:00.000Z,zone-a,pressure,1005.9
2024-03-25T19:49:00.000Z,zone-c,humidity,30.1
2024-03-25T20:31:00.000Z,zone-c,light,332.5
2024-03-25T21:57:00.000Z,zone-b,humidity,36.7
2024-03-25T23:55:00.000Z,zone-d,pressure,1015.7
2024-03-26T00:45:00.000Z,zone-b,light,262.8
2024-03-26T01:09:00.000Z,zone-c,pressure,1010.7
2024-03-26T02:19:00.000Z,zone-d,temperature,25.1
2024-03-26T05:51:00.000Z,zone-a,temperature,26.2
2024-03-26T09:07:00.000Z,zone-c,temperature,17.5
2024-03-26T09:21:00.000Z,zone-a,light,506.6
2024-03-26T10:30:00.000Z,zone-b,pressure,993.3
2024-03-26T13:09:00.000Z,zone-b,temperature,15.1
2024-03-26T14:09:00.000Z,zone-d,light,753.2
2024-03-26T15:43:00.000Z,zone-d,humidity,40.6
2024-03-26T16:01:00.000Z,zone-a,humidity,56.1
2024-03-26T19:52:00.000Z,zone-c,light,173.4
2024-03-26T21:23:00.000Z,zone-c,pressure,1008.4
2024-03-26T21:26:00.000Z,zone-a,humidity,77.2
2024-03-26T21:49:00.000Z,zone-b,light,882.4
2024-03-26T21:57:00.000Z,zone-b,pressure,1011.2
2024-03-26T23:30:00.000Z,zone-d,light,516
2024-03-27T00:01:00.000Z,zone-c,humidity,41.4
2024-03-27T01:26:00.000Z,zone-a,pressure,997.4
2024-03-27T01:57:00.000Z,zone-c,temperature,18.6
2024-03-27T06:10:00.000Z,zone-d,temperature,15.3
2024-03-27T07:42:00.000Z,zone-b,temperature,20.3
2024-03-27T11:59:00.000Z,zone-d,pressure,1007.1
2024-03-27T13:57:00.000Z,zone-b,humidity,45.2
2024-03-27T14:05:00.000Z,zone-a,light,669.9
2024-03-27T14:56:00.000Z,zone-d,humidity,52.5
2024-03-27T15:37:00.000Z,zone-a,temperature,22.5
2024-03-27T19:03:00.000Z,zone-b,temperature,30.6
2024-03-27T21:00:00.000Z,zone-c,light,335.8
2024-03-27T21:06:00.000Z,zone-c,humidity,43.1
2024-03-27T22:52:00.000Z,zone-b,pressure,993
2024-03-27T23:52:00.000Z,zone-c,pressure,1013.4
2024-03-28T01:01:00.000Z,zone-d,light,171.9
2024-03-28T01:35:00.000Z,zone-d,temperature,25.7
2024-03-28T02:49:00.000Z,zone-b,light,675.6
2024-03-28T03:06:00.000Z,zone-a,light,381.6
2024-03-28T04:36:00.000Z,zone-a,pressure,996.8
2024-03-28T07:43:00.000Z,zone-d,humidity,41.3
2024-03-28T10:44:00.000Z,zone-d,pressure,1002.6
2024-03-28T12:23:00.000Z,zone-c,temperature,33.8
2024-03-28T15:19:00.000Z,zone-b,humidity,52.4
2024-03-28T15:24:00.000Z,zone-a,temperature,27.5
2024-03-28T18:03:00.000Z,zone-a,humidity,61.5
2024-03-28T18:36:00.000Z,zone-b,temperature,17.4
2024-03-28T19:56:00.000Z,zone-a,light,479.9
2024-03-28T21:51:00.000Z,zone-c,light,424.9
2024-03-29T00:07:00.000Z,zone-d,humidity,42.5
2024-03-29T00:08:00.000Z,zone-d,light,785
2024-03-29T01:37:00.000Z,zone-c,temperature,22.3
2024-03-29T01:42:00.000Z,zone-a,humidity,41.7
2024-03-29T04:36:00.000Z,zone-c,humidity,31.2
2024-03-29T05:00:00.000Z,zone-c,pressure,992.6
2024-03-29T06:13:00.000Z,zone-a,temperature,29.4
2024-03-29T07:09:00.000Z,zone-a,pressure,1013
2024-03-29T07:11:00.000Z,zone-b,light,297.7
2024-03-29T08:55:00.000Z,zone-d,pressure,1017.9
2024-03-29T13:06:00.000Z,zone-b,humidity,51.9
2024-03-29T14:56:00.000Z,zone-b,pressure,992.9
2024-03-29T15:09:00.000Z,zone-d,temperature,32.5
2024-03-29T19:05:00.000Z,zone-a,humidity,47.7
2024-03-29T21:50:00.000Z,zone-d,humidity,51.7
2024-03-30T00:13:00.000Z,zone-c,humidity,61.8
2024-03-30T00:28:00.000Z,zone-c,pressure,997.2
2024-03-30T00:36:00.000Z,zone-c,light,767.6
2024-03-30T00:50:00.000Z,zone-b,temperature,15.4
2024-03-30T02:49:00.000Z,zone-b,light,782.7
2024-03-30T05:26:00.000Z,zone-d,light,732.6
2024-03-30T06:02:00.000Z,zone-a,temperature,30.4
2024-03-30T06:26:00.000Z,zone-b,pressure,994.3
2024-03-30T07:05:00.000Z,zone-c,temperature,21
2024-03-30T09:15:00.000Z,zone-d,pressure,1004
2024-03-30T10:51:00.000Z,zone-a,pressure,999.8
2024-03-30T14:27:00.000Z,zone-d,temperature,30.8
2024-03-30T16:59:00.000Z,zone-b,humidity,39.7
2024-03-30T17:14:00.000Z,zone-a,light,301.6